Not_Applicable_Or_Timeout,directory,8,512,4096,2025-04-24 00:44:58.557361189 +0000,1745455498,2025-04-24 00:53:18.180419092 +0000,1745455998,2025-04-24 00:47:24.117306589 +0000,1745455644,2025-04-24 00:47:24.117306589 +0000,1745455644,e5eca0143980a6fff61ed4a63e23c2afae7dbf3f43b265d05d4ce9969cfb4a518b7fb2fe5d80fc9bf228e5e761544a4332b872936d7e0480ded8d7577a8fc698,e5eca0143980a6fff61ed4a63e23c2afae7dbf3f43b265d05d4ce9969cfb4a518b7fb2fe5d80fc9bf228e5e761544a4332b872936d7e0480ded8d7577a8fc698
87997cbeb419d9e49bcad660cc2adfad2339dbf7e1e10076c78db72d7f0ed58c0c928985cf61c7f6b6c5d7a621ac015c85f8d208a91defd38b90c09698dbbd20,regular file,48,512,21487,2025-04-24 00:36:29.149561346 +0000,1745454989,2025-04-24 00:53:18.184419308 +0000,1745455998,2025-04-24 00:36:29.149561346 +0000,1745454989,2025-04-24 00:47:24.117306589 +0000,1745455644,c8ab5fc6f28f777235751cef2b45391d66082ebaca5f7d1af3ebacdd9feb444937ce15b1fa0d5f0077eab18f3be191d370e44f8fae83f0162390bcc9bc190e06,66b3f4c3d619e2d726037c228a3c805b82ca967ae1847623fb26f95c659ee3f3eeaab31c2e31e0911189b88741f58f3fa9103e397068f0dcd5bb7569a72cfb30
1dc5c364debe0a9f9f2198062174ff680355c645d832d25018a12a130bf27c20e6702e38beff466e6debdba8b77add1ee987d09dd49e22941061da91013d38f6,regular file,8,512,37,2025-04-23 03:14:09.100821323 +0000,1745378049,2025-04-24 00:53:18.196419956 +0000,1745455998,2025-04-23 03:14:09.100821323 +0000,1745378049,2025-04-24 00:47:24.117306589 +0000,1745455644,cf44dc68f306f21d8e28c9a2e2fe3ffb3fb1ca8538125d41636eb1c03527a1b8bff5a1dc1d907d23208b0ec9a32a0310cdc84e7432aba9572c19c1d07544bdeb,e5e433968ecc5d25c939cfb519ebee8223f866dfa9061a49a73a1cb123913e9ca054ce914bff3fbbaa506d85ccda785810be91346ce3b8b3dfd778a5be4bfd3b
cf83e1357eefb8bdf1542850d66d8007d620e4050b5715dc83f4a921d36ce9ce47d0d13c5d85f2b0ff8318d2877eec2f63b931bd47417a81a538327af927da3e,regular empty file,0,512,0,2025-04-23 04:11:29.944720967 +0000,1745381489,2025-04-24 00:53:18.208420604 +0000,1745455998,2025-04-23 04:11:29.944720967 +0000,1745381489,2025-04-24 00:47:24.117306589 +0000,1745455644,398ece14ca8fe67c15c20993cc22b643f6ffda1be315ac21e55963093cf1eb70b3465ace0591353d2fdde4fd75eda199fc59d02c4a32cf9aead99fba64d34c73,e74c45a93a5aa108f178f97ee0539b38c31b793cddca65df30411ef833b6d6c950a42faaed127d48c234b05b3b2f9544fab751e7a35d81e6d8b41b77469bad49
5acb38a5e8a3debb57e0e16d9f5e884c60e3dd9405cb82d033ac70cfca42f05eb75557d53c4323dee75f9ad26227ebdbd226714bee207ad4b8381afec78802a9,regular file,8,512,286,2025-04-24 00:00:43.736627634 +0000,1745452843,2025-04-24 00:53:18.224421468 +0000,1745455998,2025-04-24 00:00:43.844633536 +0000,1745452843,2025-04-24 00:47:24.117306589 +0000,1745455644,b428d96b86b887710dd08b1fca6b3094fb687d2bd12230f5aeebe4562a95564e274ce86804c9d9782a07c7457f89d616e86395c3f31e4329cb0d8b6b6c41ad1d,a0d51e2576e9e44ee564e014530193fcf58f4c259361c3fd0c8f129efcc69c161e779c6798b27ede77c0e6eb3ccaf32361db2bf5b2ccb3f64faf162b044b7985
1f481f39b2e646fe87618f1db273fe3c183a9180d7090aa22d9c78dd04ffd416a7cc8fc8aeb02cebf577de5a3b0f9ba89395e7c0741bedae6a0b50c4d4c7d90a,regular file,16,512,4710,2025-04-22 22:24:10.667847306 +0000,1745360650,2025-04-24 00:53:18.236422116 +0000,1745455998,2025-04-22 22:24:10.667847306 +0000,1745360650,2025-04-24 00:47:24.117306589 +0000,1745455644,9b4c870a509c3bc3f9cc61fd854842dc9c6f35b2130d0eaa104ebf38d3a11e04eeea2f242f76172490ec85ba19f5460e8324461742be39139c84a01976424bee,eaea963e5f9e8cacc1d7b1b37835eb3728c8ed4260904ba630ae6dccd37fe3926c798bdfb16f0a1b59afd089e794c8cc028495896c9c1b2ae8708d5b500add3d
874e511559d28a68e87f9e8c29663c6ac023a5369d01aa1bfbcd98c6ea36c471e3cdeeb4e35339b7df0beb7a1541385e55ee631e2c96e44c0c8164cbb2c30ea1,regular file,464,512,233422,2025-04-24 00:00:43.836633099 +0000,1745452843,2025-04-24 00:53:18.248422764 +0000,1745455998,2025-04-24 00:03:42.254384307 +0000,1745453022,2025-04-24 00:47:24.117306589 +0000,1745455644,7fcfb35b516c559c753c435e9edc4602dde6cebd3bc114d96c06835bc1a621b2aca1ca3526fba4eb4d809aea0058633e893c90134f4a69f6e0c590232294b089,733e9c5aae07cd7b0f009dba15366ccaa061f94abbae44b98aa2d4eacaf5ae045aca3db9ee79ae66d70ff42df1d3063daeb6ac619463df3eff4c3b3312f8f4c4
0baa51f251532b947aae7ce939bb90bbebe21fe58f7854bedeab300a2b0bdc791eace6f0e6455b76c0fa4370da696e5640549e62adb0335c71803e5adca57ab5,regular file,8,512,63,2025-04-23 18:37:42.124458325 +0000,1745433462,2025-04-24 00:53:18.264423629 +0000,1745455998,2025-04-23 18:37:42.124458325 +0000,1745433462,2025-04-24 00:47:24.117306589 +0000,1745455644,bcfab90149ae3831da7e78e3bacfc8a0265cb03a4ca8d6ab5041e0084e0238fff335c7350fd9a357855824f496a62a6a6a2f4a4157a59027233bc09ce0a0fb5f,86ae5a6f56690540ee3d5da2872bee5d056cca477b2a6a81f1f6be52b3be983c2f1e025b8965dac28cdae105d514dfdf160c872ffc31b1b60faea7f905bf7783
30c943c8e556852924004cf3cdde347c6c009e4660aa8af9df2abf6f84dfabb63d00c58f5526d2ad7b1186f354365870d6d160e58b800e047d3fa809f21bc131,regular file,112,512,49183,2025-04-09 02:59:15.173037641 +0000,1744167555,2025-04-24 00:53:18.276424277 +0000,1745455998,2025-04-23 23:41:51.866803724 +0000,1745451711,2025-04-24 00:47:24.117306589 +0000,1745455644,1be91d591ebedcf6f4e00071ca3764fd50c574eb70cd2c3c6379ec0d214c8beec317643770558ebf495abdc92c01a730527a9ea67b398e9245fee5bf44200d35,cf6194235843c53869520c84ae594ac1d9ed1c6297c66e6041e1315f8efbba68d650520feb0b28606ec59a362dd76b6850e50ff48ed647bef39ab7780c1d4f0d
f42a7ed20c6871a95853d02c4c77e598fa68771dfbd243eab9b5ac6e63111cd0b9651d2054c2141b1f9d088b6a71d2e4dcf31f15c7af7242a2f72a476eb4a1e4,regular file,24,512,11698,2025-04-23 05:19:27.988692074 +0000,1745385567,2025-04-24 00:53:18.288424925 +0000,1745455998,2025-04-23 05:19:34.181031501 +0000,1745385574,2025-04-24 00:47:24.117306589 +0000,1745455644,4bc27f9534b37fcd72cb36813ce9f9bb11c2a93636ec21f04693fe2799a35da03da4f05cdbc08d18f341cbe3b163c2605c196d4db4df428831136b6122c27c9f,3e2dc63e729d7c3994bb81d743497377b85b6ea62dcc78052a9ac8078619a9fd0bb155a47eb29ec0700d530c6671120bfd563c7a84707177760c69b703690f3b
e9aa1a4d9b832cef0429180045a9b7acc666d41622e150a4c4053634a12b9ced82cb0e27169c27f784481429166cba958bbf1c542b7cfaded6bdafdb9de083fd,regular file,79816,512,40860223,2025-04-23 04:11:29.948721186 +0000,1745381489,2025-04-24 00:53:18.300425573 +0000,1745455998,2025-04-23 19:18:22.016290620 +0000,1745435902,2025-04-24 00:47:24.117306589 +0000,1745455644,f3e5f6efb66680bee4677ccf11488c0e54652dac46123ac14c0762deb663b619480be0d87aac7ab8b25c675aa32204f2605bcdcbc7d42552a5ca3d697b98a01e,2ebfe3cd928d47ccc9dd8e3e75b4f879b430b195b2b2c2cea3718fe333604cc79b513fee189445382d7d0559e26679f1a82925732659dabbb563154398ff75aa
787477e5c20e617309b465d3a1bacececb04fe74b26b927752f998d8616fe9f0b5ffe598c1eb7d8971f02d266376fe9c527695346b59b7a882c463fa7af00399,regular file,8,512,988,2025-04-23 04:55:46.502861989 +0000,1745384146,2025-04-24 00:53:18.420432053 +0000,1745455998,2025-04-23 04:56:19.064640262 +0000,1745384179,2025-04-24 00:47:24.117306589 +0000,1745455644,48febc8ed5b793934bad6332affe0e60fae2c445af1658ed99b5c87966a9c7244e621d0e345ef44fd692534694492e478f0b9267248f2618a5e086811abdc6aa,4ac4b8dd9244506ee0cfa1cf811540755d371353cf35541da6758ec4a7ef93163d2543dee4fbd94b5809a085445b428df97e9a54050cd9c7866401b537ad4e46
040bce8620feb8d1a450738b7742a290a82457f5bf09a73e0f322fe458d3a7826b04cbd8d2377f1719257da811cfa59a33e309d5f4713073e02e5cca30c3454c,regular file,8,512,646,2025-04-24 00:07:30.054835190 +0000,1745453250,2025-04-24 00:53:18.432432701 +0000,1745455998,2025-04-24 00:09:00.067755184 +0000,1745453340,2025-04-24 00:47:24.117306589 +0000,1745455644,ae09d7ce4b6c3b9b993348dc9acca9d03fa4cc23b8d857e4d3f7b6167def07116d92f7314ff3851dd22a283edcc5ed3233b6789be686cf5b514336a7a2c9a788,b78899b4361d1b002f7d0af327a44a23450ad5afed68a025d3d9e75453e9ec1a7936800616ccb2df9bb60d062eafea42e036521ca3bb367470ad620c3a2f7b83
f4558fb94702de320711f03920400d02c1e0590461dd06c2ec4396e21112efffeb4482098812f526e2f24d6ced2e9f415b1eee78aab5ebaf4afa2018b75af39c,regular file,8,512,572,2025-04-24 00:07:30.050834971 +0000,1745453250,2025-04-24 00:53:18.444433350 +0000,1745455998,2025-04-24 00:09:00.071755403 +0000,1745453340,2025-04-24 00:47:24.117306589 +0000,1745455644,a1e0d9d240d6b2f7456414eaf92f16ef02de1e005b1bbe5220cf81601d53ae9dfe9126fbdd71202b0dcb15fd4c12ffab5960b1164db29a8cd0207a1245c0bad4,07ed7fe23364dc33fee8d1891d2e3034c97f046bdd0d4e2abd582d15a324a382f46186de7e15fbeaad3bcd456df00b03aca28c002723ae288f2f5b8f6ec4ce12
fcf0fa88f94f9f365e777f1ec66d4b44fae154014670bf3af148f79818578861e6cda7772a5068d521874fd84baa10f15926786b5c73a33893fadace9d6d2f97,regular file,8,512,255,2025-04-14 23:40:52.153960130 +0000,1744674052,2025-04-24 00:53:18.460434214 +0000,1745455998,2025-04-23 03:09:34.950018050 +0000,1745377774,2025-04-24 00:47:24.117306589 +0000,1745455644,a2c26b3cc17fb680c87bb798a6ed52d5d21c6acfa6732e675e297c4ad7412d9f6caa3d452873bfd2bec2edd5e1e38d2641c7033922fb3aef90c7327e6a71fc5c,cf44262ea8b111e43d778a3a7d9332d24942aff0f2c260639ba68af4059f5cda095a9cd95effe312828f9bb3c97b8c2ecc89b2ccd2a66b6e0cd9eb8af0908a2a
0bf1b29e610984d4460e05a8742d54f8a9226b2a973d4d1b17f8667083424d8fc8c485547ec8c6f6d8bfc73a74ddafd5fff9233abdea2827fb19d808c4296083,regular file,9024,512,4616634,2025-04-23 19:23:25.164742293 +0000,1745436205,2025-04-24 00:53:18.472434862 +0000,1745455998,2025-04-23 19:23:44.829808204 +0000,1745436224,2025-04-24 00:47:24.117306589 +0000,1745455644,0299b89e035587ae9320aa6dde25db387fb783d4c2df767a4277f04bd2eba9a6dace816884eaf28cc9ad8deb2ed9e32d82c3e965893fbf627d06ffc635d5e0bd,6755e5f78b2dfb5175ce4195652b2fda5f445271b665c0d15d1345bccb3ddd9c7c6f4c37a043039becc67fc2c5168298f43789cb8ee4977d0c5067bf17a5a775
ea3b5618012e46035254ead4824fcd24f0c33a14351643bc3817b870a1621b1f0fa16a511bd901486d6f8a36e1b50fe8228224bf16363d863a647fb44aa21afa,regular file,48,512,21038,2025-04-23 05:08:10.583571028 +0000,1745384890,2025-04-24 00:53:18.496436158 +0000,1745455998,2025-04-23 05:16:45.167767632 +0000,1745385405,2025-04-24 00:47:24.117306589 +0000,1745455644,5f6148fd47cd7db5bf7982c7bda5b03e09eea45b476aed18fcfadafb6b9b57549ea29bddb03a1ab0645d12134684d763847a72301c6a333b7247d1eaa3de5a1d,66d82da497f69a6ffc1c2b8a4736bfd6bd65cb046326e2d931047f511afb91f13a9b0dd747a8ba0354e442d0e14814b282654edccff97208c58c25fa93d5ec5a
