Not_Applicable_Or_Timeout,directory,8,512,4096,2025-05-05 06:08:32.711844559 +0000,1746425312,2025-05-06 20:30:24.312654448 +0000,1746563424,2025-05-05 06:08:36.250633815 +0000,1746425316,2025-05-05 06:08:36.250633815 +0000,1746425316,f2a0131332a3ccb957e01ee8c317fb9008fc6dda59c79fc21bdc8aab4e6408d1ad40b47439cb45fd1e265a5076d77cb7f33c2fe05167f5ced832b85d84ef92e5,592e232973902a5c75665960e98656e608de3f57f1273526ba9590cbe720b1a89ea32a234758e205039d916841143159ce680ee753eef9ca36808d2e63aa8574
ad46f17140a8a56039c38faeec00eaf88dce145a291a3d07c84b83950a6cfa7d2757ad770a32e85b12b5b3f8276fd351a2ca5892acec67705dc6a57ac851c6f6,regular file,8,512,4096,2025-05-05 06:08:32.711844559 +0000,1746425312,2025-05-06 20:37:35.953085369 +0000,1746563855,2025-04-23 18:08:50.000000000 +0000,1745431730,2025-05-05 06:08:32.712844499 +0000,1746425312,46aa6bdd1e35375edf995ed8c7a9f70af375fa8c40370e283965424ec084b97271b3a3a05887f1f390e990bd6fbaca4996f8ac6057e4b1bbec90628ead3fa22a,48b6f203fe7e368cd612951b6d8cf26bd632c9d9490079183d37bc769d02c5b500c4fba4fc0f5c78c87201d36ec3028f48c6a02a0e8eeede940b8be7585fde95
c578f46eb28d4106f3a8e46eb6d6f61bfdf6a84668e18be99cef0192e2fe3589a37c2bc4c2c20e22c8687c2f1017a812a4f38b25c9328fe4e227974d962e6e44,regular file,8,512,488,2025-05-05 06:08:32.712844499 +0000,1746425312,2025-05-06 20:37:35.975087934 +0000,1746563855,2025-04-20 18:45:10.000000000 +0000,1745174710,2025-05-05 06:08:32.712844499 +0000,1746425312,2132fdaed67535679b82fb2d5f5294880eb0171df6b7051b780c29ac85f7563d7e63cd01597469c5129da7438681750c408867db29be47b61e6f42ea49a726ea,4637e565eb35e406780b1a25f48ae1768215672b95e31e459a2a72bbe97f02e6a0fe8a5818cdf606ffc333f5792aa38b154141105fa46889588b2b439b7facf8
28d33decbaad466050486cd7b0a0e47e5dcafa724c9b236e51490753d9799b59e25a1a43e168daca5d328fe48e06b4d2189bc2970156bcf07bfd71d1799f054d,regular file,8,512,112,2025-05-05 06:08:32.712844499 +0000,1746425312,2025-05-06 20:37:35.994090149 +0000,1746563855,2025-04-20 18:45:11.000000000 +0000,1745174711,2025-05-05 06:08:32.712844499 +0000,1746425312,59e37535cc36714c9d6dabde9e2730a8e616cafc934238af25ca05492948c25f8c1ce463376c702a69b1f0b01b3721ffbf8262198da2e8e3c859f34ffc48b9d9,74a85b225a3fa3036647cf9972161f16b9bf1c0146f38229aea5ada990c376d05230f57ce70f7c754244ae8b20f8db15d79b9a938a2f06fbb40afcf982672bcc
f3b3d6dff6076ef651ec3bce2f1750edac16c25e2e21e4d82f3b4de23b786d3ac14eea77ae980fdcc719914cae68fdb73dfd5f0c76cc8c806cbcd9921e03ed88,regular file,512,512,262144,2025-05-05 06:08:32.712844499 +0000,1746425312,2025-05-06 20:37:36.013092361 +0000,1746563856,2025-04-20 19:54:40.000000000 +0000,1745178880,2025-05-05 06:08:32.716844261 +0000,1746425312,080971c2a9a9213d6ddd0d8a4a16f0977b0ae603d076d9bb845192c21a95f317428938a3e00b2acab6f6a1abd863c456ddd7edb662a0673b4e811514246db00a,5b492f6c722e112c3b172882b52beded5326771a7a638707bd402944755990f186d6d451aeaf15e254c55b5e17f070b30d8d6325146739535500be1609881fb9
Not_Applicable_Or_Timeout,directory,8,512,4096,2025-05-05 06:08:32.716844261 +0000,1746425312,2025-05-05 06:08:32.716844261 +0000,1746425312,2025-05-05 06:08:32.716844261 +0000,1746425312,2025-05-05 06:08:32.716844261 +0000,1746425312,5a6805e2248e098771b1a33d3e72d475bea1429186f7a2ab097ceaf6148e911c52f087944222960a6c2eee2f6e395a6bce12c306e7983b029ef02cdc61dab44f,798b0b4c7b0d797f2484ff9c0281502692c93a9341b37897c5a7bb7da794ebe5fb801c541f2d96c965dfea2c8b0f11530017b2cf0fa406ec1c5f8119661cf6aa
be4e89372b34792c704d183aec16bbaaea278aae8af7efb51da16e6bf0927039148bbcfc95c3980355a97f1b14e2f99b024b0bab45742de53dbe66641d98f69c,regular file,8,512,152,2025-05-05 06:08:32.716844261 +0000,1746425312,2025-05-06 20:37:36.051096780 +0000,1746563856,2025-04-23 19:48:25.000000000 +0000,1745437705,2025-05-05 06:08:32.716844261 +0000,1746425312,a9d803046a8b6e2ccb8856e321325e9e380b8c6b099b4a2c2c1cd00e4873caaf01c32d72444e0d1a5350521316c33e284bda66d69de771e8f862ebfe594cea07,1f8b2dd7a531f4b899281bf080838dd68e06fd31d63642127a1dc7ddd7d8556f707e77f5b09acf385bdf2c40c100409c987b2df5a4c8a17cd10f352a77d095f1
cf83e1357eefb8bdf1542850d66d8007d620e4050b5715dc83f4a921d36ce9ce47d0d13c5d85f2b0ff8318d2877eec2f63b931bd47417a81a538327af927da3e,regular empty file,0,512,0,2025-05-05 06:08:32.716844261 +0000,1746425312,2025-05-06 20:37:36.068098757 +0000,1746563856,2025-04-20 18:45:51.000000000 +0000,1745174751,2025-05-05 06:08:32.716844261 +0000,1746425312,10015d5c87bd19004481048883efc7cb06735c95b832906b48d1d9ee9e4dd20c8315afa0dce2ee1982600a6b6a5dc12ffd6da300b3e08b2bd9df302c6ba87e71,25e63fe4a74be8cf4448f607e4c0c3c6e7030fc1dcbe2f2b0a784f2b2cd6009db17b1671af653ccf96c2002d30d65f689944789d1bc206e882eb6c9653970ffb
4da8149761a672eb7f2766e267cac7de1a27c9f37a6a0765d222e97fc84cb7e843d61f5ddfb2fae576fe07ba9e99d8935212215bb685fc58d9a2df6f5eb44fde,regular file,28352,512,14516224,2025-05-05 06:08:32.716844261 +0000,1746425312,2025-05-06 20:37:36.087100967 +0000,1746563856,2025-04-24 04:01:09.000000000 +0000,1745467269,2025-05-05 06:08:32.847836443 +0000,1746425312,49a8f6f7c9dbeeaa89eef4384bb67e7d4abb90d1545daa915b2b00cd137d4cf7671fa80ed56486c43049f8c4692630d6f16bde8f5dcf7c8081df4b23993745ad,c7174671b8ef421e7868bfb1af1e183bd4bd8f441cd601542a3d1600686b873683100f9dff3c77ddc74b8ed7853b58004f51022287cf3ffbc6421cf80ac942f4
3e818aa5c919e3de9e4516277e44aad2b3f1a3af80e1d83fcf446a2215a92a7aafa2c43a68134cc0a7147697b50d50545dafc6a69fac9d95ad025340a6957804,regular file,8,512,2890,2025-05-05 06:08:32.847836443 +0000,1746425312,2025-05-06 20:37:36.125105386 +0000,1746563856,2025-04-24 04:15:28.000000000 +0000,1745468128,2025-05-05 06:08:32.847836443 +0000,1746425312,52b50e9a5a347c6d3dd99655b828ec390733f276d54ecc2a3318755d1d0eb04720cd760ecd77e73e28c5c336999d50c891746c91c2a70b93516f95fe3ff03a97,8a34efc1ec24fb5c065e0d89148d381a9131eea6540a38995f86d9fca347b9c6a6693550dfbba6d47503a2167d1283b5016c645836b55227a7bd9dc1c8a6866c
Not_Applicable_Or_Timeout,directory,8,512,4096,2025-05-05 06:08:32.847836443 +0000,1746425312,2025-05-05 06:08:32.847836443 +0000,1746425312,2025-05-05 06:08:32.847836443 +0000,1746425312,2025-05-05 06:08:32.847836443 +0000,1746425312,264f9a3314a7ac7bea3801240d05f5f31bca0260a4fcaed71a53177a3b9d7a9a27596bd4065fe22fb57a69e364caf05fec2e6a0e76992380e63b4211f268ed60,c4add890f070b63ce75322b6cd79e18d5e678e918eeb25a8d6495598972e06f0c3498e5e0994585e0ff314146f652b7a86c2b8833a80a8c88157cbb7506d5691
cf83e1357eefb8bdf1542850d66d8007d620e4050b5715dc83f4a921d36ce9ce47d0d13c5d85f2b0ff8318d2877eec2f63b931bd47417a81a538327af927da3e,regular empty file,0,512,0,2025-05-05 06:08:32.847836443 +0000,1746425312,2025-05-06 20:37:36.159109340 +0000,1746563856,2025-04-20 18:45:35.000000000 +0000,1745174735,2025-05-05 06:08:32.847836443 +0000,1746425312,8f34c9f2a7ab72d7b76eec3f58e805b218a710031e51177f32f83a3bb26cf29d7ec9fff09db616bd0f333a5ed7491ea4434dbeac5d5a0bccbac17a72f2fff34d,a7d78a1f921cc8843e685402ed9cabff3af3bbc972c0a41d887307d5cddae8e8b5abf9b6f0dd01de9075d5302c3d82aae065d83660221c41fff85286b9ba64f7
0588a9aa62838af2fa9a77117308e7bf996ae8bccf6579fcbf70a113751029edb5e7569b4091bb14d8c33da2e98f56617d663383d9724c557c7564ab8856512f,regular file,1600,512,819200,2025-05-05 06:08:32.847836443 +0000,1746425312,2025-05-06 20:37:36.177111433 +0000,1746563856,2025-04-20 18:45:11.000000000 +0000,1745174711,2025-05-05 06:08:32.854836025 +0000,1746425312,9a72c736d3392a0fbf46a79374c3a6128868fe00a5252f3ce877fbd0a98e64d25fd47c88872cb711e0eb3db8d389b69b711e9fad0c4a6ada2efdbf737aa76bea,bb2a4627841f4e0c25e5cea2adad46dac31bf04e534bcfb2a28f4a3b314a4992a354a5cfe166f164ca7a1d996a342fea1e689a53e466aab2e2ba56c57a26b00d
fccf62dc0c739835442db89f01084235ff74492a53e9f765274cf33cf7db070c6b5745eab0298fa103d2dc11b2b708e9493d464ba0aa98ff7897e6738babec3a,regular file,8,512,99,2025-05-05 06:08:32.854836025 +0000,1746425312,2025-05-06 20:37:36.197113759 +0000,1746563856,2025-04-20 18:45:12.000000000 +0000,1745174712,2025-05-05 06:08:32.854836025 +0000,1746425312,98ab0e56d5cc549b863829daff9d4a2cdbee0fb7e8645e90f58522f65227111709c0f0d2aafdfbea4534051f66241f0f9b3fc6c61ee4d80e885a72ed5b0cee12,25207a7359621d102536fed84e931cbf78481136115ccd6c85123aaeb7b9bb59b35206eaff02daf132eb285533a3cc856d768036ceb71964b9e19649dbffeb07
cf83e1357eefb8bdf1542850d66d8007d620e4050b5715dc83f4a921d36ce9ce47d0d13c5d85f2b0ff8318d2877eec2f63b931bd47417a81a538327af927da3e,regular empty file,0,512,0,2025-05-05 06:08:32.854836025 +0000,1746425312,2025-05-06 20:37:36.214115736 +0000,1746563856,2025-04-20 19:54:40.000000000 +0000,1745178880,2025-05-05 06:08:32.854836025 +0000,1746425312,d4a8692a47bd5e0ec4e4190566c46bb55a024aac4b8006fe29fcd5ea613099b27e839cc0cd0337e2869fd3f92085e173452731f8a5809c3146eeec3019bccfb3,dbdbad639225ce8d9f38a2f5dfc787ea5d2db24e6927a44f9b6e45a3e7d9108e37a201eb946bc217b5eb487824d55e9181ffdc6b5b9c0c76f2d704f75cfaec12
Not_Applicable_Or_Timeout,directory,8,512,4096,2025-05-05 06:08:32.854836025 +0000,1746425312,2025-05-05 06:08:32.854836025 +0000,1746425312,2025-05-05 06:08:32.854836025 +0000,1746425312,2025-05-05 06:08:32.854836025 +0000,1746425312,08f4abab20256a2ccc14494619b6f7fc0fe6afcaff6ab75cbe6f0125934d98e30ecf0a689c96c923e0e0c40e3dcbc362226065d1d43aa237f8f9db8d64d65fa4,e74db2da13f4cc373e909dc9fe18f879d5c5c0650063eb30ac68551b9698d0758603eb2c3a1d4e9338bba9c60bbf8cac4bff0acd83702b382ba395bd3c77a0d9
199930aa5e7358e99c8c3f14439518a3507fd6291483e0ed38afa885f34a1b5f7525e005ad0feb3dea830f00f7a4c02baea084344cf50bae6cb1cf1ba96a1c22,regular file,8,512,3596,2025-05-05 06:08:32.854836025 +0000,1746425312,2025-05-06 20:37:36.252120155 +0000,1746563856,2025-04-24 04:00:47.000000000 +0000,1745467247,2025-05-05 06:08:32.854836025 +0000,1746425312,0521e7817ff71149430e5f3d5dfe4ba3230f4dc88f5e8167d9343745b642a0c55a3059da9d0e765dd406cd425616dfa8c037a10a4dc5a4ca7678ad932554d7d5,3b68eee77fd677655155fe1c37f81af535617470fe5e75ed1bb077a9374fe512bd71b664f4f54d1ffea44b8115bcd2fd6adc4de7a8e5dad518fce44a203ca8f5
f100b05425267d87eeb98cbe65fdd10aecfdbc250235f6fd2db8debee65835c9f8d42312306c413eb87549ad4697e12ddf741f7088e6d7157fa51df2d63fd039,regular file,8,512,205,2025-05-05 06:08:32.854836025 +0000,1746425312,2025-05-06 20:37:36.271122364 +0000,1746563856,2025-04-20 18:45:09.000000000 +0000,1745174709,2025-05-05 06:08:32.854836025 +0000,1746425312,2c1fb525d9c5782afbea55c149d44d4225c0d86d4eb185e55143e7a98018e97ad47b9fc6a246336e89fe1f1dc2681f262f862e6168b790fb72b9375e645db207,7badde3be806b9ae94db55281f6f5ed48d530213801301b0979c922a8b3026c83539b3f11491c0ec03a7e0464c29098f75e2b9524d3be44792ec48cd6a7d5bf4
b9c6a0bcb7a23c81f480dadcad3d56e78b1115c8e398fb84c39db8966750daac84476b20589a914063650863d3a1fbf8487c190b26bcdb61794e0b792de0da62,regular file,32,512,15432,2025-05-05 06:08:32.854836025 +0000,1746425312,2025-05-06 20:37:36.289124458 +0000,1746563856,2025-04-24 04:00:45.000000000 +0000,1745467245,2025-05-05 06:08:32.855835965 +0000,1746425312,c1620a29763d781fbcbe2b8bcf256c9e1b7e691fe59c56d6aea891a09c6e79411e10c0d45dbb501b0d3139d18d28a30e5392f368a5a83082b71fa35e3adc5d26,0d0928c2186fdeed2725757b38c5fdf0926a2a9b842a4efcc6808293941c4ee665b84f43a5cdfdecb2a234ea5d00e398c787930d4adf9327b8e30b5162c9505b
987c7c51eeeb98cbbc7340a80bf1b48fa3e7a488435d5fec16f8f7d5afdeca8df86f678699d9d2e7b6e65919a06aafc3e5c45fd8a79e12bea9253aac7ebb8e31,regular file,16,512,7200,2025-05-05 06:08:32.855835965 +0000,1746425312,2025-05-06 20:37:36.309126784 +0000,1746563856,2025-04-24 04:00:45.000000000 +0000,1745467245,2025-05-05 06:08:32.855835965 +0000,1746425312,8f5f822f0c97f4ef1fa1a4b5828081d1ce2c908e7cb1be7484b93034fd795aecaad1d48f70e7c793a1560bbd25c06f7f744112705d1e3aaf8586ad789257aa74,8640920ad39037f6c0564f02d6697780983aadf345c8d272d810c1cd0671a5a89090ca545c89e1f2033fc6ccc6241c8e01b2575435a6457ad597d712293c558f
4c60f4274defa9b88aebc7b23723776110bc8acb07edc8e5f049523389ba75e310dd86c5baa90f59c802acfd40144f0ea0f613fe4997892a0f4b80a21ee8904d,regular file,448,512,229376,2025-05-05 06:08:32.855835965 +0000,1746425312,2025-05-06 20:37:36.328128993 +0000,1746563856,2025-04-22 19:53:11.000000000 +0000,1745351591,2025-05-05 06:08:32.857835846 +0000,1746425312,974ff168d1b503f2dad58ad1f35dc58078c6829c6d83549721629b2e7a701c1710ddeee923b68b3d5f837aa7a0cef31022c3e60a6e1dca9b42416f4da6baa49d,3cd38d1489d0764679c0367d91df872416f6aaefe2751fab09e5219eb7bcabd73d9d5071b036335a079e8920d8dc48aa9765eee3d39ff49476631f2f02192a82
771d0c08ce9ee503af92f1aa843f3dcaf5f005105e870def8be063a3be1861202bd7b3d26164f69d64397e806e919c22c3bea0e69a801909c5e39f7b9ab51f5e,regular file,8,512,2481,2025-05-05 06:08:32.857835846 +0000,1746425312,2025-05-06 20:37:36.348131319 +0000,1746563856,2025-04-24 04:00:46.000000000 +0000,1745467246,2025-05-05 06:08:32.857835846 +0000,1746425312,c06d3ab3dc655ef1f98a8fd489a06251f1364248955177e27c21db8050cd120c0ef387831190ef9d7609cd64e90436c4541702e41c9c574aed739b01502ce1cf,4251a4c6e61b9fe99095aea4f293ddb3f9ef3cd187caf8c8a7a7494e5af52e6e46004c4f21109b79c865f088f82fa180922d35aeca2bb1f1f78fcc279da5c70e
32fb1093059a41a6f35181f2132e23d0d165b79ffcab4296ce885d3c76c040a63c20161a076a7e77d38af2551433a0d8aaae23bbcef68473a06b8d59c0493bc9,regular file,512,512,262144,2025-05-05 06:08:32.857835846 +0000,1746425312,2025-05-06 20:37:36.368133645 +0000,1746563856,2025-04-20 19:10:40.000000000 +0000,1745176240,2025-05-05 06:08:32.859835727 +0000,1746425312,d03b89839d8cbdc1ac9bc2ccbf0c1e7d9e9758d941aad88a6b154f7e6f962bc3cf9dbff5475cfb488281f96b401c7be9bec2e3ccfc32a4119d36b1a034f4fa8b,bcf433f8df0fee9e98328114a05ea3d1646a317cffba089196cc0516bb81f8b9b27571a81522b51216bfebdf5b647e677207654f7d3f66fed15b8398e6013082
cf83e1357eefb8bdf1542850d66d8007d620e4050b5715dc83f4a921d36ce9ce47d0d13c5d85f2b0ff8318d2877eec2f63b931bd47417a81a538327af927da3e,regular empty file,0,512,0,2025-05-05 06:08:32.859835727 +0000,1746425312,2025-05-06 20:37:36.387135854 +0000,1746563856,2025-04-20 19:54:40.000000000 +0000,1745178880,2025-05-05 06:08:32.859835727 +0000,1746425312,72ad3bba16c3c8d3c458de2c053d5ed567ff700a8d0478a7ce20065cfe202b1f90e2b561a3d1e6831dfa698f5065c38bba33fd1713e605ba7138fbff30f692fb,00d87233645565261df643f7fff14db104fc4112950785e28c1533b58647abb2f23811686d6615221bff195f0832158a29801292cddc7ebf830da44bc667039d
e578ad242a711cad8342d2da2ae521a5b8cf72bc84abacbe0d9ae0c047a6c668096418e65e6dd7fc18ab83c556c434930b267f2fadcc086aec854b2e3d40eb89,regular file,192,512,98304,2025-05-05 06:08:32.859835727 +0000,1746425312,2025-05-06 20:37:36.405137948 +0000,1746563856,2025-04-20 18:45:51.000000000 +0000,1745174751,2025-05-05 06:08:32.860835667 +0000,1746425312,2f84948acde97128a66b67717745d6a31c88710070d9a0c257ab2671b40e6b0906d03a23205345519b5fad6e15f454402a05b7d96604233689445abf31226072,5d4c650589f6a38668ed67dc02b2c8f9db2f4265257409f7f8e7900976a5fbdc9bb1f078e104427b5dd92f7d6028ff39a195682eda32fe995c2a265d6e737c4e
7dbcf3574721e58cf21c21ef6de41242ea3804284a0aa05f6dcecf30b4fb2a1a17a04a3638206f30c267fc9a9c86b8ce07556e00a0a2a8aeb4a3517f6a790b54,regular file,448,512,229376,2025-05-05 06:08:32.860835667 +0000,1746425312,2025-05-06 20:37:36.424140157 +0000,1746563856,2025-04-20 18:45:11.000000000 +0000,1745174711,2025-05-05 06:08:32.861835607 +0000,1746425312,16a5ef84f7c3c4b110ea2d305ecc456f316c84d919daf5186c442f3fdacea13a8b133d1fd5455b45f98fc7d51e62b7928956d98c0947d989a0165cfd383e5db5,193e6d9fe953931fc05e88cfb86a86b2c271b6f333b3fe5dfd84bc91ad4311cf50f89f7dd022513aef7affca667cd518b3ee7f7407d26f6506f2b272bbb5ec6a
ba1fbe559ab92d1b36017ddf6840c458c3656bb61183ea8568e239687c82b1694966d5091cd4b73df07dc9bc3e48245867ecf7a9d51f03d3c8e75a4967f3fa87,regular file,32,512,16278,2025-05-05 06:08:32.861835607 +0000,1746425312,2025-05-06 20:37:36.443142367 +0000,1746563856,2025-04-24 04:11:52.000000000 +0000,1745467912,2025-05-05 06:08:32.861835607 +0000,1746425312,cc638b24e7a60cdd38aacc4941c0f00b678fb326bc2588a1924ed0a1c2f59f55c08b3aa84b56da3a97d13782ffaaba213ad8a74abeb9661af3b3b91318a16c9a,aef8a680bc0be2d9324f88c5cc922f5f1fead94c840cfc97c50ca03d09e5fe49fb0aea1ccee1321a63bbc6269c7204c0d6ac4107226ccb7d79b28a31e9d13f08
cf83e1357eefb8bdf1542850d66d8007d620e4050b5715dc83f4a921d36ce9ce47d0d13c5d85f2b0ff8318d2877eec2f63b931bd47417a81a538327af927da3e,regular empty file,0,512,0,2025-05-05 06:08:32.861835607 +0000,1746425312,2025-05-06 20:37:36.460144344 +0000,1746563856,2025-04-24 04:00:44.000000000 +0000,1745467244,2025-05-05 06:08:32.861835607 +0000,1746425312,bf1c82481bbc4d94e1551c75b21d2b0d4c21c898190b4d40599248ba02cc02da7b638ff6efb03235f294d6d03206dadf5b501709df7930b9967c6d29944f331d,2795443605b71b4acbdc1f320ed3acce0a6202260d38a15d65f7df2bab6395251bcdf58562c218abcc24ae9c230770c3ef987ba8408e887d1152dadaf0439e69
a6453e8c8464e942e7faeda87554594738e975235ba23939dbf7bb0dc37ee43e6f4819387eaa0b772293ded4d4e6e0cb0e0a946563ad1ecc2b73588676af55bb,regular file,8,512,1240,2025-05-05 06:08:32.861835607 +0000,1746425312,2025-05-06 20:37:36.479146553 +0000,1746563856,2025-04-22 17:51:13.000000000 +0000,1745344273,2025-05-05 06:08:32.862835547 +0000,1746425312,94f24ad996967d4910a1956a87a0909d1e9d960024131d8f86ec88fbf07ea2b5c16dea780f075ce010e4d101f61939fa8da8e926a7b5207905a610da50628fc0,db0d63476bff53d21f6056e3a2be6b407ef40ff09131f8819039675ceefcc4f4d381d56ecf8e5f909a90c41505d008a36c12cfacf55e28ad27553f2022f70178
e2cccb9e74b9e991bffbc5902843c04b9d57cdb404efcb5720cb977ef651f6a01522b0ff0a04b64ea3fed7d9361f0b4eca3c4b33b975506a753861e2c8735a48,regular file,8,512,422,2025-05-05 06:08:32.862835547 +0000,1746425312,2025-05-06 20:37:36.499148879 +0000,1746563856,2025-04-20 19:02:56.000000000 +0000,1745175776,2025-05-05 06:08:32.862835547 +0000,1746425312,2cf66b8853952e2975e7b5238aaad788c397c67e83cc107cd6052f920a81b8314a6d202e3b7edfb8bb4ef9ee22fa4d3f67a79614be0100b0e2ec4868eac32095,322f54927ade7530cf3832ea1ddcb4408996b63eb1b4cbeaff6a04575852d84cf8cdb36d0021d0c0f8954e2ba4873156d4fb6cdded772006cf51a7c5ebbf0697
df66f9fd4fa07ba8af42a97006f085bf77082aa460b884c56761bcc06154ab04550b37763dddaf91da3caf8db54ff944face44d03cad721be721118f3abe8ebd,regular file,1024,512,524288,2025-05-05 06:08:32.862835547 +0000,1746425312,2025-05-06 20:37:36.519151205 +0000,1746563856,2025-04-20 18:45:12.000000000 +0000,1745174712,2025-05-05 06:08:32.866835309 +0000,1746425312,24f99b5b0deeeb3953723d1fd289b6ed1e2610ec6bcf468c3f709b72c748e19448bc2bbd8c6954a68848fb73cb91e237f25d44689697a1f0538b95cc58cd7dea,a8360f3aa416af2dfbb58b6960f9be5b0fc94436ce942c5587d31846d5c083b44276f89b4105b3c86a4ad5f9e8e899ca8f81f4554a4a02474225f39a2149352d
3f938a1014c35f9a04d9f98fd64e943b584c7af2850fe7ec49a09f3338e3f4602760c4727209130086917ed45ba2fbfd1b6bf484a1cb192a11b92404cfe0acc7,regular file,512,512,262144,2025-05-05 06:08:32.866835309 +0000,1746425312,2025-05-06 20:37:36.542153880 +0000,1746563856,2025-04-22 20:01:33.000000000 +0000,1745352093,2025-05-05 06:08:32.868835189 +0000,1746425312,66400ab10437b64b9016250adf6340a262c4c897d37784b282a1c8527bf6c7a39b6012ceff27e8811729f2f9e32e708657afd84732a7a29b492611f8f187cc56,4f8666212f6384ab84d35b674d6d32e86a981aed2ce885b16db0698c909e840c81adcf0c8349bb1e5112c1ed00a34be3318b07d7a8b594a2f40c43217f14cdcd
9ef3d9cba1461886c0efff7b71ee8218fb16a75ccd8ffd22612c5d3764053d7d958f8056643d8a9a9bfccb79ada0125fae884e042e97dec46e12cc7d62c1fc7c,regular file,8,512,472,2025-05-05 06:08:32.868835189 +0000,1746425312,2025-05-06 20:37:36.561156089 +0000,1746563856,2025-04-20 18:45:11.000000000 +0000,1745174711,2025-05-05 06:08:32.868835189 +0000,1746425312,274833fc47fa06b86e0f56b1c939ae7c5056c160dd6e9dcc1aae8b25d545eaa59e860e41c01b9bca09bee5886c18153ece5736d9c2200f728f7faf89dc9e8248,72a105d419f937aea09e195f5f33d9f70a1a448050aa71faf803490d43ce1852c8af1c67a47d40825e5cb352ae311038254fe338ce1b70904c173b2fa7ea3bc6
a491920fbba6e3c45356c57fa1d56cd8be51fd10f68cc5aca9d539ab0d1862a4a0288334215b1ee72ba044fdadcc685419bf0a06ea9b5c9a22a12d8669acdfc0,regular file,8,512,3718,2025-05-05 06:08:32.868835189 +0000,1746425312,2025-05-06 20:37:36.580158299 +0000,1746563856,2025-04-24 04:00:46.000000000 +0000,1745467246,2025-05-05 06:08:32.868835189 +0000,1746425312,c110ba3df2213a46cf9714d2aba80a835f6c6ae6b7257d5b2efdea80a0858217d5cdce17c48469d8262831b54429f1785944b05ef6d18f4b2295cf3edeed55ad,545adf5448af26a6741e9a181894b641a313eb577ccdfdd3dfe8689fcc1eeaaf01480511a8284168f37de9b49aec4895daff68aa74c1e9d5b6cbc8f955aad05b
50bafb3f989325e12c05b033563007dade96ab0cceda2277b2118d42d6a4d26dbf280737537f44c1575163fd9a1f07e8ae2ff6041e644749ca5a1df2d4648cbb,regular file,8,512,50,2025-05-05 06:08:32.868835189 +0000,1746425312,2025-05-06 20:37:36.600160625 +0000,1746563856,2025-04-20 18:45:11.000000000 +0000,1745174711,2025-05-05 06:08:32.868835189 +0000,1746425312,3add4ea551c7c9a544326162768244eee20ea3c5d82d9686623ea781c0bff44122f8bf0814fc89540e1642874e0d2a78906eab3986b1bd69d2963f39442a6aa3,667ce612de112b744e73642ceb495709a6952f65c573830b12690dd51c90f2222eb3eb8b86d38b1f12f0b09b83b704cf9c36d592760e5d1b826bbb1afbcc4184
62fd0de2be6f9ea8bca8115fdc6b45306c90fef939161ac0a7e20d02117f4982495b713b9db15420fd74fb9bce7105b5b33475f09719f7b8a5f7568c2c0dfe21,regular file,1024,512,524288,2025-05-05 06:08:32.868835189 +0000,1746425312,2025-05-06 20:37:36.620162951 +0000,1746563856,2025-04-20 19:54:40.000000000 +0000,1745178880,2025-05-05 06:08:32.871835010 +0000,1746425312,fa262ed98ceb46f5ae25a032a52757124d7200213ce5c1d1055ba14b1bb3be59b4a8f8746a7c7dba70e913f95a3795783894d58ef4db5e09cc91c57ecae04a56,cf3820f84c685f86541fdce5ff663ffb959b61e7fb88db876d4aa8ddac1a9ab1812bc6b53733eb727ccfc7a36106f771fe645979cb17801928f6c6e8b60dbcb6
076ee83534f42563046d25086166f82e1a3ec61840c113aec67abe2d8195daa247d827d0c54e7e8f8a1bbf2d082a3763577587e84342ec160ff97905243e6d19,regular file,8,512,53,2025-05-05 06:08:32.871835010 +0000,1746425312,2025-05-06 20:37:36.639165160 +0000,1746563856,2025-04-24 04:00:44.000000000 +0000,1745467244,2025-05-05 06:08:32.871835010 +0000,1746425312,5b446dbd6aca6a4b9c088b7e281d0fa14655f21874e4eafafd2c3612ac4243745a162f771f49c91928b5661151692e8514104b1e82212dc28e9c41d1b6c9b0fc,a05e7fde5cdf750b1207c54821acaa749f54d2ccfde668e4425834887a6da95c9cd866aefb6e7033dd6eef4c6e804316ef49978abe823464e73253f6ad052321
Not_Applicable_Or_Timeout,directory,8,512,4096,2025-05-05 06:08:32.871835010 +0000,1746425312,2025-05-05 06:09:54.216189298 +0000,1746425394,2025-05-05 06:08:32.871835010 +0000,1746425312,2025-05-05 06:08:32.871835010 +0000,1746425312,076f123b00503c971633549bb140d34f07c19fea5e1396188e3ab702c3842b763e8f3c29911135e7771ac76a7b9ffe74672e0168320f5a58b045b53af8d449ba,e0f8a4682329e2b0d4014f1c4cec6f9aa90152532571bb102531fdd4cdb9738f7024252c331f4e3b63fd84098a94e5c3aae3290b03a87e2e2bf7daca8592b6b5
17012ed3cc1a2778633bfb0d0d87065d33120bf361a1418d10f59c4aeb4ad74f8c96eb4821e644d280ec76712686ae8bbf0a5e631ba44f962d85765a43fdec50,regular file,8,512,1139,2025-05-05 06:08:32.871835010 +0000,1746425312,2025-05-06 20:37:36.675169347 +0000,1746563856,2025-04-20 19:37:40.000000000 +0000,1745177860,2025-05-05 06:08:32.871835010 +0000,1746425312,d6cf92d440547faa2581ec5789e87790e4897944dd570889bea6f2bd8a1777efc3aac5ae75e152a991fe99c54e6bc71d93ff71ad15cd2e8515f2d558ef43939b,8dcb3fd783d5b9123e066a3bb1abc72c6b215e91b02e4e2dd6d124948b2d069506ff063dccea30b8e071a432c41b7bfc361e70919467dc6431740a30677ed194
Not_Applicable_Or_Timeout,directory,8,512,4096,2025-05-05 06:08:32.871835010 +0000,1746425312,2025-05-05 06:09:59.559897835 +0000,1746425399,2025-05-05 06:11:28.586263739 +0000,1746425488,2025-05-05 06:11:28.586263739 +0000,1746425488,d4fc443d8e8aaa1ab32d70c913d2ab7fc97782ce43fd3b32cf65c93620ca205347223435686a8f596efad94186fcbb0f970ca5f1d0caedf7ec8e90198724bb37,afca1309c1abb0d6f3f12f1827729832e177a358e607c45689594e28fe6144f27f2548deb67f4257ce938d5c3cc003c99dc39150ecb479d0e641460066c07230
5c7f685bd3af6e3d82ece37dc615115b6afb858f866c42f8108b52295b979798783d19ed81cdc35242ecb52a25cbbe8f4ba284114f09724247c5ce6b7c428157,regular file,24,512,8359,2025-05-05 06:08:32.871835010 +0000,1746425312,2025-05-06 20:37:36.712173650 +0000,1746563856,2025-04-22 17:38:53.000000000 +0000,1745343533,2025-05-05 06:08:32.871835010 +0000,1746425312,d0b01d1591097525c0e46f9d612d63018a833e861833d238a58c4b1d58077119fc30f44cdf2a8bfa33077a348057421f75d7b1a79ffadec302ed2a5dadf902a7,9cab6568f95f32172d3376bb4508a255c6d53299cd9b7784cdfffaf9d3eb11553a0e44171ad9f0bb7babbd730b3cbb719f7d825372e2e85743f1ad8b686c19e9
db2e8f234448335582ceb0142f42536eb17dace10f193662d2614d7576162194bf770830f8913f2c823bf4889ee356807b285b2183b18a9bf78ea8a716318054,regular file,8,512,1662,2025-05-05 06:08:32.871835010 +0000,1746425312,2025-05-06 20:37:36.730175743 +0000,1746563856,2025-04-21 05:48:05.000000000 +0000,1745214485,2025-05-05 06:08:32.871835010 +0000,1746425312,26dba440f6209dedfd4d6d8c4c7578c593188b7de7a32dcbeade6a28359209db0e30d86dafb01938fff8f0c7e6ae47304fc94bebbb46d3a43386c21a00538c2b,b4a5c773dd29c5fb9e8805794a6328e86d8bcc14c266038f7f5fe82b2cae80d97b80a9ef6f2e234cfda5ee87b211b33a47a55caab02ae01e138087df23d04545
eb2df9e29bd0c50b1dc8800add290ae2fccb82f162024c3f741f1303b157982eb523ea66a0a30c9207cfd226e9f5737607e7566efeb78549cb8ab2c7ee77967c,regular file,8,512,1176,2025-05-05 06:08:32.871835010 +0000,1746425312,2025-05-06 20:37:36.749177952 +0000,1746563856,2025-04-20 19:37:40.000000000 +0000,1745177860,2025-05-05 06:08:32.871835010 +0000,1746425312,61c0d2ecc72158f65408ae69fe8aae813a48e6d73b2ecb9470e5191e38ed313c3ba74ca53eaf7ac1a676216af7189856ab2f1dc4ec14ccdb9cda9f6a244993c2,ba870b2cc9886d6d941106c3fd670171f48bec088475ef44678691b226df31d6a653833dff65c9354d6b5b80583969837e5e51f4e19c93a90c8a98cba5d5f897
8c31fbd3d2a97d7c2a7bba1deac83f25f6dd1a08e67d0ebecb11938124853a3d78d019cd02344bfa97e19207452fc2705c97a7d008728435b6b69faa36650d21,regular file,8,512,1345,2025-05-05 06:08:32.871835010 +0000,1746425312,2025-05-06 20:37:36.768180162 +0000,1746563856,2025-04-21 21:41:52.000000000 +0000,1745271712,2025-05-05 06:08:32.871835010 +0000,1746425312,902dc781d6de3524b5662aeb6214bc9a7d3f040ae88d8e34e59704e9855ebe6c6e6b93b1c113e5fb031a13e58a0ffd93f775209b33f0558b694ccccd68873afb,89f30c7f9d158e8660fafcb3f6061ec4c90d2b4ea5866ad52318e2f7136a54310465f3f800f51195151f910c1e9a0efb45f42cedc803602735baa803fb854269
946304d54e6b95b93afbdaec6b39fd999b08035e401df09f75efe22ad9cd6a96bd8d4207769433ab8f8718c94a3b1fe8a59d69789001fe06d18909ba19c00057,regular file,16,512,4111,2025-05-05 06:08:32.872834951 +0000,1746425312,2025-05-06 20:37:36.785182139 +0000,1746563856,2025-04-22 19:22:50.000000000 +0000,1745349770,2025-05-05 06:08:32.872834951 +0000,1746425312,cf9feab664826c418794aa197ee1ebf789a934d17530def4aa0e0c1d74345630b0f334d4224cf8e771c7a5ec26d50a4effe7fc5120a41518f78c8e84f7f34a26,392d410713f39d82baebc1573f7500cdce71f9f301e2ecdb379b14f6b8d2e30fd82917cc5b9ad90b396db3efb2fce59bb90d4bcee14e9ced711ebf9176eee59d
631daec2484023d18698ef8e4e844d5199cf26dca90b6ab085fee7a4f5e14933975d71f79f0639d9dcf10056866c84d6638f6297be10aa5fa6c95c398af8eb0e,regular file,372104,512,190510964,2025-05-05 06:08:32.872834951 +0000,1746425312,2025-05-06 20:37:36.805184465 +0000,1746563856,2025-04-22 19:20:19.000000000 +0000,1745349619,2025-05-05 06:08:33.691786119 +0000,1746425313,8e484b28a0532f76f789a605cd167407c13972620e8ecaf4c46a23312a5eb5de65282386cb63e91258521a6849bdd1c5557aa679e8d5cecd165e986ad2b6ec72,cc5ca8748a8059270240cac8456ca5cf855e0f9b031718410f60792c5511697fa4e43eacb0a6374d35593861948c67c0c15915a75f3e8213b9c035380c8ed203
ea53ddcfe7b0953a6cf45d0f565e83392a11ed25db189a3c1303eb24f8cbc31d60adf3f841d76098b5d652ca59027c00e88e850fb31fef73e4bbb04e96c3cbe3,regular file,8,512,1477,2025-05-05 06:08:33.691786119 +0000,1746425313,2025-05-06 20:37:37.073215613 +0000,1746563857,2025-04-21 18:51:59.000000000 +0000,1745261519,2025-05-05 06:08:33.691786119 +0000,1746425313,b784902de62b07ad46fe3a34e2d0ff70acf77cf158bda584c1b4c25db27cb38c4f38d32d52d3510e63ad290764b8cdb897a91201a5e60e4a2a01b46d808752cf,91ce8327022fbf06c561835c53209a939e3b8d368c2aac900e209c59a2f75318634673a3423493907fc99fd37d32b608e888d3162222f12a9f760b8b8d1a692f
e33c6b761b42223161f0f0bbdb4d71060f102368bab7922f6f4a7e43dc7a8c3025a4aaf500cdf35490acfd12ea830c613a1a755ed87ec5b49ed5d7d3f360b1b0,regular file,2232,512,1140542,2025-05-05 06:08:33.691786119 +0000,1746425313,2025-05-06 20:37:37.082216657 +0000,1746563857,2025-04-24 04:14:44.000000000 +0000,1745468084,2025-05-05 06:08:33.701785523 +0000,1746425313,994cb183831f5f43866eccf5d98dc110b2e31bdfef8575d609e956ced9b5e00f5d82598194bbcc22410bc4817588ef4c9615fa3065909729b06b9fdde831a6e5,0a099e6b2213f6fa22c9fb1a7f8abd1cdccb9b833cbc1727eca18993362cd61ba8ee5598601b9565da359bc3af2c48cd4342682b19d1dcd1ef4a4703361e7af6
345f7c0c8cad9a966ecc410757ccc8ff29eeb7fefd85ee26e1d8a169b7beb6b0cf6dd07a3ea285ecf0ec0e3c77664841e03469e3e626fcef68a145f75cd3afa7,regular file,8,512,1505,2025-05-05 06:08:33.701785523 +0000,1746425313,2025-05-06 20:37:37.102218978 +0000,1746563857,2025-04-24 04:05:51.000000000 +0000,1745467551,2025-05-05 06:08:33.701785523 +0000,1746425313,8cc0bc9483e859aff9091906bd33dcf8436f09661c90840bcc1dac1747227a16ae7c3333d38e11d6813bd1e7f78c501b1783c117b76333e6fa6e1e7b01989747,55fca03f5a97edcf31b14b86d817914c6630c4a44f02fed875ce8c679918172e476cc09b07010e49bf285b7719423c7b23e8864994fff23d60993aab69796070
4fe63d316ca3b41a90c985c76d3df995454c6443ac011c890352c12186c445031d1e17522560aca3dc4dbb15a8d5caaa053e4e5ad416facb1e11c88988210d29,regular file,8,512,1411,2025-05-05 06:08:33.701785523 +0000,1746425313,2025-05-06 20:37:37.122221299 +0000,1746563857,2025-04-21 18:12:21.000000000 +0000,1745259141,2025-05-05 06:08:33.701785523 +0000,1746425313,b6dc693e6acec6670fcab9f86d488e10d6ac51803e9e7afbaa6026904c7ebf6170c36e01f41ee5fb0db2b79cc74d2f68c433bc2548601d6e4d83a3f836c8a4ac,3f637c0d4b7c8a6356459c3a3c53e55be627fad707db53d97e4936a9b1b3d193e2f7d5a6d9a092136e42ef7a7f4e8f8897feadd84caae689b481b723f07ca600
4a34a038520f91ce90f9a2f187c6be51aedb90382cdbce6c899d02f0e9f0a98fb9aa7a58f95cedda115ced92e7a7ed334e6368d10a1ab014274f79104048cbae,regular file,8,512,1347,2025-05-05 06:08:33.701785523 +0000,1746425313,2025-05-06 20:37:37.140223388 +0000,1746563857,2025-04-21 21:41:52.000000000 +0000,1745271712,2025-05-05 06:08:33.701785523 +0000,1746425313,bb6ea85070b224a9b2be4ff5c4f69e0adfa4d37022482a4d756bdd7be93d3f10e7f2bf29601e31cd4f73ab40f819abaed9d59ace0d6250a5073ac4fe9c94ee80,1126a8bcc578082751c04d783173ab3b19a722af0c57cf79a3149da1a8af1455388739a22fbfd48c16c36f14b17fedcbd7dfbe3cf439a257abb9a727c27c18b6
0a766c258f0914a209c8843b19bcb8e811e46fbccb6ac21901beb888f16cdf7c0d221c89fa0d0a5cd848f7b62b51c465f42455c5dc9ac158f1856fcc3e350d71,regular file,1328568,512,680222195,2025-05-05 06:08:33.701785523 +0000,1746425313,2025-05-06 20:37:37.160225709 +0000,1746563857,2025-04-23 17:50:56.000000000 +0000,1745430656,2025-05-05 06:08:36.206636430 +0000,1746425316,18b181e13c4993068198b79197c97fb8aa310e82b8fb328dc56965bb9e2c0002e6b3b139e53cd91e7f207f0f4607fba2039080b73491291c7d96afd2a0c29b34,089908af4ca63ca272b39dcf1f5a2095f03a26ad37dd25a9c15c3af9d8de553690a67f29e001607318fa14719ec3f3002a541e83b25c6ad9fdc1784ce77b55b8
716ed6d6637cfe5b2d2b5bdbb0b4166eabc17bcd75725e097136ac8bdef858db2974ff41a3e3a51a8b753465b68fb53bdc3e03d8b99d3b6dad546c1be9d3f4ab,regular file,8,512,1184,2025-05-05 06:08:36.207636370 +0000,1746425316,2025-05-06 20:37:37.944316687 +0000,1746563857,2025-04-20 19:37:40.000000000 +0000,1745177860,2025-05-05 06:08:36.207636370 +0000,1746425316,8d9efe3858dcde3158257d218307853966a91301725e8e6d292c014bbd999e3f708edb67e22dcadd250fcd08b011e0140c7da06a4dc14db7643ddedf4f33d426,e0f62d9d5c8c1242f7af82f1ef406bff50daf0e32a7e6697c5a82e11cdac5339864b13d67963dfe6eeec2ea3912b78a37fdee3c01876bddd6e566ed812b4cac4
6081375db04abbf25688ccd72d50fd6af8b0985dce0bc449128c6efdb7410c3f5a9ffb04a22291ca6b2df929d2beeb9c488a9196429dd5199280a6954d53c874,regular file,8,512,1436,2025-05-05 06:08:36.207636370 +0000,1746425316,2025-05-06 20:37:37.952317616 +0000,1746563857,2025-04-21 18:09:26.000000000 +0000,1745258966,2025-05-05 06:08:36.207636370 +0000,1746425316,31f243d71c068a77c0d9e381551de1e3859a646690e1646829452ca61c21742519573b4a0e2c5945c103fac3328741a932990a8dbbd150923eddde1ac536055d,7d6a0cde0f6db908c0e40d1aa9d33009ed06e91bbe2709c3b1259873789a8162aba452b448103f858a90348aa4c5e2dad65ecf9761fa99a79bd712d7d96d1f61
2058b2b0c713d3c1061a9ac58352f800f1cd93ff26613b52945e1f3c30adda271be6fd458cca393bbb9b93bc1a5607f3df86531ced9a43d0e4831a63559f3a73,regular file,8,512,1473,2025-05-05 06:08:36.207636370 +0000,1746425316,2025-05-06 20:37:37.969319588 +0000,1746563857,2025-04-21 18:51:59.000000000 +0000,1745261519,2025-05-05 06:08:36.207636370 +0000,1746425316,84837ff14a2667f145af9bb224648d60e83b8be2564957cefbedccfffd5427566d97ebaecb5760f7f4a15cec0c481607b49cd0b71ceafa1e30196cb53bc90eeb,d30d5a9b7e7f9d2ae9bcf5557f650b3fca97e700a9e822eb244207bdadf9829c2421098987fa1fca96f825f8c552303c0d7bf584683d820f7d929f2a0b7b9a63
e10cd7fa5dd47ae4d521913690dd9b5e25a949bcbf2c3cea6825a2ce072a5189d99f3a64b80264be97509a30c64f980f19fcf382ba757e056a8110b6de84abb6,regular file,8,512,1583,2025-05-05 06:08:36.207636370 +0000,1746425316,2025-05-06 20:37:37.987321677 +0000,1746563857,2025-04-21 18:12:21.000000000 +0000,1745259141,2025-05-05 06:08:36.207636370 +0000,1746425316,c9d30f1d0f201c5cc71c85c500b39d6003e6b404ecce00ab983ee6e808a5a409719ad5dd129335d6c6caaad746562a59eb8782e2c7729cde28a0313222cd95ce,6ceb78bc0eae4b608751829dbbb67dc4585b0f0fe6c9f81e8f2da9677f72593469b4c68347e8ee25ff43bd7a59773870e40a1f9d262adf2e2ed99a3c3ddc6142
Not_Applicable_Or_Timeout,directory,8,512,4096,2025-05-05 06:08:36.207636370 +0000,1746425316,2025-05-05 06:08:36.207636370 +0000,1746425316,2025-05-05 06:08:36.207636370 +0000,1746425316,2025-05-05 06:08:36.207636370 +0000,1746425316,51a3d8eab46e9bad25a29eba302982287700de9a411892d558bcec33f7c4cac179ea5cb29f4ab342161472661a69675d521c0653748ccd324de64934b836bd43,3bf5b86630fa91866ec4455075592989a655dcd11a07e18b1aaffe3d69e65d71f179e3fa39368f009b8ce7fa1f6eff254d0ccbf0487338e083fc05214bac1354
e92c9cdb95371d4d6b207a88416c2f440ef15362073f9b155e83c13b9cd7f13721201f3019ef0492bc9dd0bd32ac67742f9451b00df0b9797093c0d054aecf6c,regular file,8,512,1516,2025-05-05 06:08:36.207636370 +0000,1746425316,2025-05-06 20:37:38.027326313 +0000,1746563858,2025-04-21 18:51:51.000000000 +0000,1745261511,2025-05-05 06:08:36.207636370 +0000,1746425316,ae99d61ec4b492b9c4440d68aa9fcab68f2f15ad2fe67cd08f9cedaee722f99f8548bbb93ee9f74444a6796eb6de5dc6358c5d995cb2d0090524549826001efb,767365c3f93c4b53014c90624851592ea24da53d1ef4c62e5b3303673362916b1ba6c0a10c18109808e0095e52d0b2e6fcd2e340e9408cf08f33889bdd252b7f
c9bc29b86daa164a8edec206673ccc86feac0a94a8016927fea3beca879dad15cbc47cd0ffad10fe0e29967a37948086485889a5d63177b90ed3916714026798,regular file,192,512,97396,2025-05-05 06:08:36.207636370 +0000,1746425316,2025-05-06 20:37:38.046328513 +0000,1746563858,2025-04-21 18:52:05.000000000 +0000,1745261525,2025-05-05 06:08:36.207636370 +0000,1746425316,1818d13d675fa2f8b518c9e3089f9097087173ada5cfa5df06f67dac365c0e5279728506c0569a049015297775887793a164412b9a1f30c9a4e24e2e94400245,74ffbdc9712c38fe4efd0496c63b57c1acfbbaa3f7ce4539df8dd8547f65be4707680e19eaa5fafe540db1efce1e149362acb8599cab658f6bb28ea74f2c25ed
0722e56b12e3429798fe8094c411954826c5b6b2a7021ecf8f509a9e9b480bb429c2868dd454d538eacb0f77a2df5198bb959e2cb7025765123f13207148fa7e,regular file,104,512,52492,2025-05-05 06:08:36.207636370 +0000,1746425316,2025-05-06 20:37:38.066330829 +0000,1746563858,2025-04-21 21:37:06.000000000 +0000,1745271426,2025-05-05 06:08:36.207636370 +0000,1746425316,2bb88a66fab32db9f78e3622ded3c675ccb369d7f6fbdf0289f905556a1866a7b20f40dbc67d1b334524d5834074277e292d5091cf0293d36c88e239f3f1216a,f707ec0a507bdacec8e2ec52062770a46416e5314a77889dfc1007b0f8411e3824296c7dbd04c4c568c87ae1a218e7ef267e4c71c2e10027975ffa811ac13947
5facc1e34b3a1dfda1ed3ddfcefa93e5a3eb68c3b91edc184050fc13ec143048a4ba3463ed398b4771cd6da4afaa8fe67ea131cb1c83147ecb70acbab3fc7165,regular file,8,512,1435,2025-05-05 06:08:36.207636370 +0000,1746425316,2025-05-06 20:37:38.084332913 +0000,1746563858,2025-04-21 18:09:26.000000000 +0000,1745258966,2025-05-05 06:08:36.207636370 +0000,1746425316,31816a1085ee3870cd0a6efb0d453dd3a773482e1efe2a96f8f62c1ffe54e4ae083a51b3679e51c162381b0d83c65185c5c73ed93babe8f5e45787ec75572c89,bd3790dbc8a4425e233263f4e2ac1ef52eeb36530f9442cf47dd9a7e95cf7fac9ca99dfb2754b63fc3639fef5a51121f25561ac33b14691c249fdd7e460b2eea
c7e6e87e05812f6fe5e0389d5b710ec2117011c2c0c6577af9d800df0098d42e1b299fe0c0edfc8f011c9e7e92b90ed528137d1abd695afdd86dd1475a202489,regular file,8,512,3248,2025-05-05 06:08:36.207636370 +0000,1746425316,2025-05-06 20:37:38.103335113 +0000,1746563858,2025-04-23 15:49:42.000000000 +0000,1745423382,2025-05-05 06:08:36.207636370 +0000,1746425316,50dd9855650909e2c707601ea24e2b668527b589336573fd92f27c4e7b76e0b1a6e4e8b767ba6e5a9c5ff19b91cf74c451b42ffef0e481434f76dc0f70a649e7,5cbf1c48256d6fc2f0fc1073e335480890321ae04b888768575981d73dd5bd28a5e7b4178e4e6b09cbe47b95d7b74bd8563a320594db30f053c04eda952fbae9
1b1a8af6d56a93a629ea188fcd2a12d1240288566298bed59216ddb04c54a8a00c98492631beb76d0ea6c8f9232e0014c8e052ee86b674c1cf6c200fffd194dc,regular file,8,512,1483,2025-05-05 06:08:36.207636370 +0000,1746425316,2025-05-06 20:37:38.121337198 +0000,1746563858,2025-04-21 18:09:26.000000000 +0000,1745258966,2025-05-05 06:08:36.207636370 +0000,1746425316,f68431b79bcb490b5040789bd98359116c08b7b8c425245374336e6a0ad76884a76c62fd908a59ae58f2a31081593042f6d71a641b3b2f02c05280bb375af513,808195d561de80962dbfd6a82f286bcd17822be8d48a27e5c083eddc952cba297ec49cbe3123f0c04afd7cd3e7044451051bf24adf59ff506dcac2dbf95ea973
7c9df58d1705b9879eb370bb5aa4deab7cd635d32d787268552b76e542930651fa6a39eb7e8bf1d7faad851d6cf3182a5f72b752150c8750242d6e3cc68d5711,regular file,8,512,1437,2025-05-05 06:08:36.207636370 +0000,1746425316,2025-05-06 20:37:38.140339398 +0000,1746563858,2025-04-21 18:09:26.000000000 +0000,1745258966,2025-05-05 06:08:36.207636370 +0000,1746425316,0fbdc877bbeb8779e8268a10cf1fffab9e6af7dda333d9cb1f3695916aed17b068ade815bcd71ffbb6807c9df2645e8da39ca689d5243556058a805765384184,203bf45989bcc08d48011de3508d29e01ff803395cb717271f86ac012ef46a2c7af1c503fc53d31d508104ca535057f3f3d7b901c0e03d93a65c37f5fccafd87
b308075a2bad790d20bb2671a7736e9840a1eaca82ef4f17a9f3a497f5937b44a96a6eb7cdb495864486e0c56d69c45b6090aa2eea841aa0f7ede255ac0ab0d4,regular file,8,512,1495,2025-05-05 06:08:36.207636370 +0000,1746425316,2025-05-06 20:42:10.524177347 +0000,1746564130,2025-04-21 18:09:26.000000000 +0000,1745258966,2025-05-05 06:08:36.207636370 +0000,1746425316,f101d044a2155f7fbc24373c9d2990d48dfac55d4bba934b45fc5b908d8eb9bf130c48d4d62e93510b45e8360c9f1d11ee367bb6136cd498f3722ac4d371489d,5f9766a33062421dd7e7e9430ee5e226bb07c62f4b1fbc1179112573484a00bb7ac1d835513d2db6f23c49cb418920566d3aba4a94973fed77e60ac346b7de44
81e48433eeb8180fdc9eb25b8c38431168940f9b83de6a97301a31eef2eb1dab5321c69853d9211120ea84927830a81d39dd12766734c465484d5ab366e4a9e2,regular file,8,512,1345,2025-05-05 06:08:36.207636370 +0000,1746425316,2025-05-06 20:42:10.549178941 +0000,1746564130,2025-04-21 21:41:52.000000000 +0000,1745271712,2025-05-05 06:08:36.207636370 +0000,1746425316,2c5a1ba0e41623ecd82925adcf5d909632c25361ef0592ee792ebddae18d9bf98ef303aa3de0c5b93f61b05f0dfd86f5750ad098e4ff959c0acb7e7c68cb30a5,5f69f9b534765f57f2c3347c4dbce1245e1b4e0ab7a19ae162e4ac302106af431098cb80e9c4c8248fd1614c9357649308d1aab6effd01a97a8c44ad01b64b25
be7a960e319213f6d9f4c8967c14e9046831c0ce037dd9c2e285242bf26243d916691c07b7d6de07dd607c7062b98615a85c892006ddfc1fd3ed5aedced3e050,regular file,8,512,1181,2025-05-05 06:08:36.207636370 +0000,1746425316,2025-05-06 20:42:10.570180280 +0000,1746564130,2025-04-20 19:37:40.000000000 +0000,1745177860,2025-05-05 06:08:36.207636370 +0000,1746425316,b23439ed7bd0b052ea76ff3dcde34f4b3003484d39aa2e8fbed9b11798d27ece2de77e7dd3e5361fa802e87d2c6e06f4e4d6271a19a5b41b6059f9a33fc841da,a9fd73fd4ea4c9c5a8b00a8475b2acca26a8c40d4a44ce35705eb1807ba8a63bce3d79cd61589ddd0fcb3bce7e8c2d591120a42cc81879609a047369b1b6b17e
e91d04f097892d72e0bff0991da866881543dffb7a060c642b7fed6829d3925f703b29007881e22425e9d9338cd2c942790fa52bbb9f3f4afb998ae05763fb1e,regular file,8,512,1348,2025-05-05 06:08:36.207636370 +0000,1746425316,2025-05-06 20:42:10.589181492 +0000,1746564130,2025-04-21 21:41:52.000000000 +0000,1745271712,2025-05-05 06:08:36.207636370 +0000,1746425316,dffc2ccfed072bcd05ee156b5760e4e1c5bd56e5dae75ef86ad338687dc5a33737cef3ea0a475393b007ea0a141e5281c16a440a7204add4860770bf8c5ce64d,1b45e8577ab1bfc73c5fb9e44ec5a04dcfef5207f43066c281dbc5c221df8adf90f06a538a742ac06f8117db50c335800f896c60090dc6faed0dd966b660a75c
91594032d6cace8be2af0a1191306368f55b0e034e811f297c06f63ba912890002bba82cff2ed534e6075bf66e144fc5dda541181cd3b34d78d9571c70e2c057,regular file,8,512,1360,2025-05-05 06:08:36.207636370 +0000,1746425316,2025-05-06 20:42:10.608182704 +0000,1746564130,2025-04-21 21:41:52.000000000 +0000,1745271712,2025-05-05 06:08:36.207636370 +0000,1746425316,55e944d9d44291f11819c5bcc40ae7216eb0d28e94ca9bde73b48bcd5297a4afce8788e85acc7914b35ba5d1a2dced489c48e239bf2848abc212b31e2b2ba83f,96dbc80e9807e3f026feecf340a4607c15543a30166427905a70596f761e5ea9e294479015e9756043fd4bd7c8366fe91012a5c6bdd8aa81b501494722f3e331
cac8850ffe0174662415ca29c3a77f2915ccb70ff115a624bd1b53ad2dcdb4f353a61b693bacc7e4493df8c63a868404c77cfaa0260abd232312db76b933b3c1,regular file,8,512,1426,2025-05-05 06:08:36.207636370 +0000,1746425316,2025-05-06 20:42:10.626183852 +0000,1746564130,2025-04-21 18:12:21.000000000 +0000,1745259141,2025-05-05 06:08:36.207636370 +0000,1746425316,d6e25621cfb55caa24a85bc56b5e96f9bbf00f8121084a8138f3ea03bfad64553731f6926f326f81bfc0765aac6e4a79b4ed5d6779c4602da780003aa064d610,3a559db80b3bc30c7a27f183ae503019b39ff78b02aba1de12346f805465e4617950082c1a52603ca20488bbcaca377b90a91e1e1b0ad87c26752b1a6cace156
d67975bdf58a156426d5b93bab4dbff68a7984c7103ad71e4252e1ac74263beef72a6053fc46599d21a5ccf03b28e9beea5b72a95b62a825ccffd60e5096d18a,regular file,8,512,1414,2025-05-05 06:08:36.207636370 +0000,1746425316,2025-05-06 20:42:10.645185063 +0000,1746564130,2025-04-21 18:12:21.000000000 +0000,1745259141,2025-05-05 06:08:36.207636370 +0000,1746425316,049b9c1632a72de0a55ff8517436761656bf586e990f5a665254373dd480b3c2e23f8d8dc22d02bd148061c68731b0b52362a0100383b61cab4b24be8ded18aa,a2526fb2ae48475ffdcdbeab0dbc2be4c52f4198699a6b9857c168ba2d5209689039ca6bc57dd5fbb0513fb563bf1d6faee20363be2e912e3acd2d8144ff8c94
c51bc2173d6167871a7750e136096182d1c35ed71845bec925edb0893951c0579ff79a6c2dd2379559a642d9d3479a0f9ab361159b29d96e09d7cf51f0e3c33f,regular file,240,512,120465,2025-05-05 06:08:36.207636370 +0000,1746425316,2025-05-06 20:42:10.664186275 +0000,1746564130,2025-04-22 19:47:48.000000000 +0000,1745351268,2025-05-05 06:08:36.208636311 +0000,1746425316,33857d7484aa5cf66f20f59c7dff02f8b0609c1a9beaf337547ebe2c694614a971865f05cca8608303e6ec1e661f1095a245550ba2990e9367d5a723a0ea39f4,b61caeca461a42b900c26c8c405020e4aee28520e3c950e8da31fffeaee39b5e0bc74c76d33bef1f3ccf65f33203c5c33258b2ef3b0752c1c106869a0eb3b690
4c1f8c6f4a269946f85c493ecb572f21aedc410fd211ce53d6f656c1aeeac6d8fdc7ae9265b904abd9bfaf64322314f223bfed6548c1d32ace88b0fc2c100833,regular file,8,512,25,2025-05-05 06:08:36.208636311 +0000,1746425316,2025-05-06 20:42:10.683187486 +0000,1746564130,2025-04-20 19:37:40.000000000 +0000,1745177860,2025-05-05 06:08:36.208636311 +0000,1746425316,97fccd30c4f415accd4ed5a94f771469a53b202ae733af8d0c98ad3ee3a108fba605fae2fbbba754b8aaaca15a049ce5880aa28cf006f36c8bb350a644ff539b,7867b028cf33c7843dd0afe4128db7fdc6f162f8f79efe84606320576c46ee19bd6f1c0cb5f00521a3c2952716f8ca88c9aec0881ba23528507f1cccb13c74e0
4aac081a7b1ee65b46be5e28f282a116becc6ed3d4c51c9add2306ffa5af547b0107d873633344a8e85ec8b8ff55609b0aeccc585013b96bf3727843157b73e8,regular file,8,512,1413,2025-05-05 06:08:36.208636311 +0000,1746425316,2025-05-06 20:42:10.702188698 +0000,1746564130,2025-04-21 18:12:21.000000000 +0000,1745259141,2025-05-05 06:08:36.208636311 +0000,1746425316,c15180c8100d9a11e2e11376b9c1278ba07fb9a527c14b4d7978285476810d8f488e02c189260463b314fec1bcc0d7cb815037cde2b42db541219ef70680b5df,7c5c61f49f8db3fd87dc0b2b73237683c22963094252ae9a3594f6748b91e5e83c2efd2b91ec583abf73c26da50b08c50f3fd2d4ad5633eef9447f36ef5af617
e0bbf4bdacf3aee172a3a8d4137d5804d121b34b152764b8c22054de7675bc97f193b4474273a71a09fdde66aba9f895c83d9a8c90645b14c8e324481f7322c9,regular file,8,512,1411,2025-05-05 06:08:36.208636311 +0000,1746425316,2025-05-06 20:42:10.720189845 +0000,1746564130,2025-04-21 18:12:21.000000000 +0000,1745259141,2025-05-05 06:08:36.208636311 +0000,1746425316,f89023f2018a2a896332c382080ceb4b18ac8a28421a2addaa7becdc59eadcb0cbbc63f67ef09d19c758ef98fce05a64bc7e72585d50964f7e0b3615b781be2a,1858ccbeb1f5489002a5356eeca12376faf6e527694a9aeda0a5b89398859e2c535423fffb0886d36d450259948b462f03183fa5e084ad19f87e4230c49a59b3
7f93591b516e8928faf421413d0c4cc17170862248aadd7bfeb1939a0197d97136783ee063989ad7b6bb4fbdc1b7a553b38dd05d47517d9a909b13422c427694,regular file,8,512,1181,2025-05-05 06:08:36.208636311 +0000,1746425316,2025-05-06 20:42:10.738190993 +0000,1746564130,2025-04-20 19:37:42.000000000 +0000,1745177862,2025-05-05 06:08:36.208636311 +0000,1746425316,c38bd9c97229cb9b16d09cf04051297fc0ad04726d5f5fc35c488f508fc9f0b78ce0cf09a3c6ae22ed303e18dacc778c353977a38093de54f2aa95dde1dc6c90,14cdf257219bda335c9dc970b82a850d6a2533e777aaac9ace83b321962669147015ebb958bc84f7a6cd424e8c043d42a59e99479541e0c8e40ec8db5f86aaed
f7f0fb16833c3748125412787c61a95ec8691218342650ad27a7ed4b647bc48a7f0597b8f645e312d0b1ab6f1a13f63fd9ea840032079385d539390c38d32f0d,regular file,8,512,1481,2025-05-05 06:08:36.208636311 +0000,1746425316,2025-05-06 20:42:10.757192205 +0000,1746564130,2025-04-21 18:09:26.000000000 +0000,1745258966,2025-05-05 06:08:36.208636311 +0000,1746425316,b7c1f4e47ebb4f247be327d7636747465dc6e3773994eb3bb98a3a3f2d7bb13afb85ea3d425a889587c98b0ab7c0f65b2ad60947d81ac16f2e29a02d1118da0d,c765b44f9352821f2839e4a2fd527def9b6c8ae7828b87e5720a894a874bd6db4359373802eac268478610e43c8e5f68806beca12b34da5cad19bf361a5c8ed7
d59b214ad4c999ad4a6e7076c51fa5b09df6eb7bf4706eea1aae43daf805ad71ca00248f1269ffb4496e1598571ab04efacc9f1d0f4fc51062b0610e62e86fdd,regular file,32,512,15812,2025-05-05 06:08:36.208636311 +0000,1746425316,2025-05-06 20:42:10.775193353 +0000,1746564130,2025-04-22 17:40:33.000000000 +0000,1745343633,2025-05-05 06:08:36.208636311 +0000,1746425316,25ad3a374e1a420ec1f68c6324ba6d232b7a98334c67af41284fb041f568bfbf4f540b059709e9c7bb9fce9ffa54a2587512b49a2d7c0ce5c9b461d9e70a6623,03f1df4ccf26eb05fc4da0e25d7e7a2929bff293258dbb54fce0e304878c19484f2cf46ce18a415ac97e1bcdcce3ecd04ded243e79f7167b2237a08b5b05868d
714a774748b41bfe3d5c14411ebfe42ac847ae57871e81d1aa24b63b4bc91491d5998ae9d54081a4c6c6bcf91f301f167eb27b0a317a6163298a60a83c176cec,regular file,24,512,12216,2025-05-05 06:08:36.208636311 +0000,1746425316,2025-05-06 20:42:10.794194564 +0000,1746564130,2025-04-21 18:51:52.000000000 +0000,1745261512,2025-05-05 06:08:36.208636311 +0000,1746425316,f8cae0b2d06f6cecd06b6c06838c741cad717234377518221a46ead3699ed5e2febad23bb3e0436da046a07c41d4f49b2f075c7245d190863b650e009fa741e4,cec102489e0cfc7a907cc20ba3239f86deceb39ccb2c0e42629833dc49315e259d8123bb75bdde267f9f462058b29a6ee18dbdf61cd746ccfac33d773693040c
16fb5b942d95a142b4207aa60c939df11fa678bccd511c9209324f889f0c9cf66707d2e0932fb1369730a02afbec14ac53d60b562e37b4eb8d65442191fb9e62,regular file,8,512,166,2025-05-05 06:08:36.208636311 +0000,1746425316,2025-05-06 20:42:10.813195776 +0000,1746564130,2025-04-20 19:03:10.000000000 +0000,1745175790,2025-05-05 06:08:36.208636311 +0000,1746425316,34ba536350de30e828748016c796dea525ba068e1bf3abb53a059a990b3592d9db24241453b467560a70ce52f16dccb7706d54ee3d69b586a266005d517b33f0,74651ec282c19c5177ba8a77f5a2f28f73722eac205e46094866bfb6607932e0da86173e1da9ba201cbfaefe244e51bfefe63d9c02cacf4c006390bbac6ad0cc
cadae224664c30ed52cb943a5e3abdfbfaa9824cdaae6c218e3cbdb5bec24d8ed248d9328ddf930a1182d75cb025208ec919ad6c6c276954878f922ccb5632b7,regular file,8,512,3554,2025-05-05 06:08:36.208636311 +0000,1746425316,2025-05-06 20:42:10.832196987 +0000,1746564130,2025-04-24 04:00:48.000000000 +0000,1745467248,2025-05-05 06:08:36.208636311 +0000,1746425316,40bdefdd89ccda2c89205fa15af514329fb928772e57444dd13936d8ea5dcf27ad69688a93981bee7399e464fe8ad5e30016855139de236552fa3efdc7fa88dd,b62fc5018f59ec0f90aa09b55c9a78fa2fb178a404708d9069ad060d52d1b2cb526a9bb7c8e4b49ba926452591e3d180cab8b81b580af090873f7be7bb01a282
fa7a5109cd6d3471d8bff868fd6e1262d9f46a00766f9040499faccd8348943d1432695153955a8903f38c5221b252ab63e1867afb15c1bfa5d6ebd3730b8b21,regular file,8,512,387,2025-05-05 06:08:36.208636311 +0000,1746425316,2025-05-06 20:42:10.869199346 +0000,1746564130,2025-04-23 23:37:53.000000000 +0000,1745451473,2025-05-05 06:08:36.208636311 +0000,1746425316,34f121b116c0190c8651cc7042fd8dbe7d4168eb2808bc883a145c9b797a6a47b369dcb06bc5df7a4f059f47d4dcad58b7d2704b4c402097633966ea3723d835,bb1927a978d15f7670befdc400312d010ccee815cdbdd4fd78cdd2a5f788bcdd17c3d37f8845b06a8cd2947addb67ac54f5b28cf3eb860c9cc603d36da0b51d8
cf83e1357eefb8bdf1542850d66d8007d620e4050b5715dc83f4a921d36ce9ce47d0d13c5d85f2b0ff8318d2877eec2f63b931bd47417a81a538327af927da3e,regular empty file,0,512,0,2025-05-05 06:08:36.208636311 +0000,1746425316,2025-05-06 20:42:10.889200622 +0000,1746564130,2025-04-20 19:54:40.000000000 +0000,1745178880,2025-05-05 06:08:36.208636311 +0000,1746425316,084de922707e0a4d55b280667e857fcda446b451ff75e280bfb28fc650d352a57bf3a778dfb51e0038be5c421e4310bba181774d779eea81acc38bd27a60cce3,af27de2c5721f7d3316c272cc549768619aeedceece016356e4828e135da06095c714f8e8f2f39358e842bfe9558ab7ceda7094ca6303860ea16d14a7c4bab21
7886cf67de38d362c66a83b139be9b9eadf4bca046461f05f94460347aeed37bfdb430d49bb37dcfd6f344a575ced9397b9c8ac2488e3f9f44d0128aa07991ec,regular file,10240,512,5242880,2025-05-05 06:08:36.208636311 +0000,1746425316,2025-05-06 20:42:10.908201833 +0000,1746564130,2025-04-20 19:54:40.000000000 +0000,1745178880,2025-05-05 06:08:36.228635123 +0000,1746425316,db013b54a53695a11ea40b695e92a829866d6536cfec942341f6f6171f4818d03599c376feeb471019ac709f6157166e85ee8f83b247e1c7e6e844aee2bc71d2,809d236ddba8ac5976540e15dc58321732fba9f09c873023c8e0a36dbaf03623e5edb713045da349047c31c5fabea7262242f9732ec7d95449d774b9ddb20ef5
2a6e8ae257f00be79874127c7c3e6d110463fff420a44ebc52c8f5e901282145656586319e5e42ec6d74c10f989a15b9145f2da09a50698359adaefb1558d0ca,regular file,576,512,294912,2025-05-05 06:08:36.228635123 +0000,1746425316,2025-05-06 20:42:10.942204001 +0000,1746564130,2025-04-20 18:45:11.000000000 +0000,1745174711,2025-05-05 06:08:36.229635063 +0000,1746425316,9142a86637142b82909320d52a2f8bf4f84f48e53120ebc6c2eba8ba56e586dacc65404f03befd13779c4becf37f0033c435402ce9fa6e1d440b7b5738b6c29b,83916dfe3346c2ccfee97fc81797dfdd4a8bef3ac37c1aa0558650725d9befcf7a275e47df4b2d6c069f9fa9a4760a6773b8eba1336b5e1260c5b04433876fc8
9f0ec8113a9e63970c17661194460d49362453234355c1f396c5464ce85728f1e47e262674d865be0a6d487ae4b12783e5405a6fcf450f0b1e2203b4182ca129,regular file,10240,512,5242880,2025-05-05 06:08:36.229635063 +0000,1746425316,2025-05-06 20:42:10.962205277 +0000,1746564130,2025-04-23 18:08:50.000000000 +0000,1745431730,2025-05-05 06:08:36.248633934 +0000,1746425316,7d3222c0cd987977b19d92056301f729de29443b6a03652f11b3114433a31ce960f868a615023429aa94cbc7114160b99ab85b8d6e2c9f53e4cc850cf88b933f,680e8cf532d4dd47867611aea835969d387dd2aad0a184db6a5793dfb93335acad8dc6a466ee4192bf950cc1c02db05b4f757fd2d42b2a930cf1e6c508811cb8
e9a9e2abc79ecafca52e198e97441fe2fd68201c6a120bfa72d639b57c4df9910cecb6aa8001c6a7a9c291a822b1a1000793ded5043c727fb488155ca145cc31,regular file,192,512,98304,2025-05-05 06:08:36.248633934 +0000,1746425316,2025-05-06 20:42:10.996207445 +0000,1746564130,2025-04-23 23:36:58.000000000 +0000,1745451418,2025-05-05 06:08:36.249633875 +0000,1746425316,b31ba8419982df29a5a98226cf8de397ff3f38b5b2e6e5800ba9eaca32e3b57f91f9a9a132a9a689ab95d13b63b3af14346b6c83400c3a6020aef3afc2762dcc,b8397b2253430922e6b00f551b80b6a3a6eeacc3b605b7e18a498a36ef988d6274d83f6083101b258b305082a719899146e400ebf2fdb915df7aaf67548e3df9
8d72021529b23b6d8409d10548029363dd135f444dffb214ae40ace1a74c70c0d5ce55769008ba7c7757c174ead518f24e68d11a947a1b2e467a612229a99ac1,regular file,8,512,3554,2025-05-05 06:08:36.249633875 +0000,1746425316,2025-05-06 20:42:11.014208591 +0000,1746564131,2025-04-23 23:36:46.000000000 +0000,1745451406,2025-05-05 06:08:36.249633875 +0000,1746425316,92a7d14008b8e1edcaab8276af9447fa02773702e20673fa973d8d7d127b8acd358e1ebf152c5279b92145aa92a455ccc71204bef87b988e4ca4614602f36cde,2b1554d11985f53c5f448c03e760e39647d40f0a9ef71ac60cb3318e16b5c1b812f57585de143bcb3a179f4779b2551a655e3dd12d0e51cd7eaa95adcf0bdfc5
c7da859c7d4422e70a0ee9dd0b7564d57bb26666d59c43b18618b2fd062d87002b8b21374870bacb57b418267858ab0854d727d9fcdb39a3d912347bfbb4b39f,regular file,8,512,10,2025-05-05 06:08:36.249633875 +0000,1746425316,2025-05-06 20:42:11.033209799 +0000,1746564131,2025-04-23 23:37:53.000000000 +0000,1745451473,2025-05-05 06:08:36.249633875 +0000,1746425316,64d88157939a8da1fc6d2335c4e0f7eb10506f7416f39d08d2167eb6b531484560b8aff589d4654c3b67d8e54732136c7a9c264bd84ceb21495f6c80ff16a06d,db7d9f898c01c467b46e53591235696af03643d605710341aed413dc5ec8f0997fc442035f48c7ec70a1baada0e1bf8a83b9c71297d1a3ca3ab6ec713247e9d6
58440eea7223fd9f0199fdd1647fd528f6588a3459c2a338a468db349bd16850bf851fee3081dfcc4752adbf0db1eba3fd1055505c89949cc64c7c6e10963663,regular file,192,512,98304,2025-05-05 06:08:36.249633875 +0000,1746425316,2025-05-06 20:42:11.052211008 +0000,1746564131,2025-04-23 23:36:58.000000000 +0000,1745451418,2025-05-05 06:08:36.249633875 +0000,1746425316,255a51f92d93d78ee6eff33d01dbd749662357f2d26f9ead676cc985fffc28430d20346cb5f0c39bce1ef48714b4575460b9bd18fde83547de80869f9d77caf2,f5d48079a617cc4f1f8555759608b5983f0faeade010e67d4e54ba0ac5021f2992a83b4593b896536e4ef74884e6156d3575c706300a4481fe7d6e597eebed19
8bc80cc9bcbd3bb25be4e50c1bbe64b2dd1e3269db3ee2245dfb8f073c24cbd6a94bf3815d3d078fa0d255d6643d1463baea886d8efd500fc88f555956b23d26,regular file,8,512,1001,2025-05-05 06:08:36.249633875 +0000,1746425316,2025-05-06 20:42:11.071212217 +0000,1746564131,2025-04-23 19:48:26.000000000 +0000,1745437706,2025-05-05 06:08:36.249633875 +0000,1746425316,06f63c01553437cd2734bd2fee6b702974582cc13311e9028cd09e229a4de7af7bdf00f1dea110ebf33c0bcb93c983d5c889bc31d36bd1614f7a8e1b0580bbb0,954ae0b58c2565339cc4827b75ff7954e9fae551c89e2b9a8bdc33665368a2d10f14648c15051397ae6094fd4484d3155826c454649cb0ba17518623c9f70d20
cf83e1357eefb8bdf1542850d66d8007d620e4050b5715dc83f4a921d36ce9ce47d0d13c5d85f2b0ff8318d2877eec2f63b931bd47417a81a538327af927da3e,regular empty file,0,512,0,2025-05-05 06:08:36.249633875 +0000,1746425316,2025-05-06 20:42:11.088213299 +0000,1746564131,2025-04-23 18:08:50.000000000 +0000,1745431730,2025-05-05 06:08:36.249633875 +0000,1746425316,9842c93d9d16e2fab77d022feab833ae034902cf220068bc55845ec3284e068e94b925e9cd62e4ca8e33c94fc7fcd52dd662cb1580f97ac1fa4f95082721db5c,fb23b2f91087e496f27fa1dcd539f7efc1659c170ce7b480a1dae1a5d455f10768d5cebe856132e4a6fdec5634768854ab7f930705fa41fe3c2c18cf47665458
Not_Applicable_Or_Timeout,directory,8,512,4096,2025-05-05 06:08:36.249633875 +0000,1746425316,2025-05-05 06:09:06.762850156 +0000,1746425346,2025-05-05 06:08:36.249633875 +0000,1746425316,2025-05-05 06:08:36.249633875 +0000,1746425316,5736dded4e7741b635cdc56554afca908f6ff9526d658da3a30c19314974c74234e258ce20a0e3ac56d37999710f6843d3b7a6f29a48da018d37b17917750f9d,e760fe49e91bca187b3cf5b69cb8537d76c58110406a28442734fb164927c0eacb4c7df4caaa1a2b4c8c22c550e7089d096f070b0fc69d820745c007499f261f
Not_Applicable_Or_Timeout,directory,8,512,4096,2025-05-05 06:08:36.249633875 +0000,1746425316,2025-05-05 06:09:13.409469372 +0000,1746425353,2025-05-05 06:08:36.249633875 +0000,1746425316,2025-05-05 06:08:36.249633875 +0000,1746425316,c0ff3e593450d7cf4fe4dd2dd3459a08d1d8ceb52c31b35d2eab2889e6936aa89e9399a4322e07fa5b56aceb1c08ce8d7b7d02af8a2da02e01d47fc6e72fb845,665bf22c899a4b0925cd2e2ee5a0e6246a93bd89545cbd84af92612c049cf38b17d02f108ff7e65bef22c0981fb8a5590fadd0795785ada6d139d325b441b040
736aa660f287d7d7d3d775263ed90dfed4f8d3d33bae32acf10a2ffb8b1eb3a703115b3ddf9d884d528d71f27cc7110f46ca4836848337900309131d5acf2ee6,regular file,8,512,1553,2025-05-05 06:08:36.249633875 +0000,1746425316,2025-05-06 20:42:11.145216925 +0000,1746564131,2025-04-20 19:00:43.000000000 +0000,1745175643,2025-05-05 06:08:36.249633875 +0000,1746425316,3ab89e414fbb5c6c7d9bc1dce8a0b0518ebe2398800823d5ea72c6afe03a18af31cdc73a98a466d506fc3c756030b94bd5a4c23fa407f982d9ff06d94f64a8f8,b4a5c773dd29c5fb9e8805794a6328e86d8bcc14c266038f7f5fe82b2cae80d97b80a9ef6f2e234cfda5ee87b211b33a47a55caab02ae01e138087df23d04545
cf83e1357eefb8bdf1542850d66d8007d620e4050b5715dc83f4a921d36ce9ce47d0d13c5d85f2b0ff8318d2877eec2f63b931bd47417a81a538327af927da3e,regular empty file,0,512,0,2025-05-05 06:08:36.249633875 +0000,1746425316,2025-05-06 20:42:11.166218261 +0000,1746564131,2025-04-20 18:53:51.000000000 +0000,1745175231,2025-05-05 06:08:36.249633875 +0000,1746425316,5722ca12e0b3b6d87346455a02d694c135bc8743b2b56ab71a375f40c51e1614c842a48d9586a28654dc7167d34d3819b5ce260358258e6e6894f503625f767b,5a342745ab3ff9d9a30ae1bd2b215aacdb577bee484b1378a953dee94e61f2ca522a91cc25acb3dd93ce09c8a6174549004df692d31b492b7e03433e77a6b0f7
29574d578fc2685669d6b1a31e08a469648ea9c5259a5732c72be8ceb4dd8c65289c15ba8a9510566e06ea3133377954dbdd30f15db44300915c3452b07197df,regular file,8,512,1781,2025-05-05 06:08:36.249633875 +0000,1746425316,2025-05-06 20:42:11.186219533 +0000,1746564131,2025-04-20 19:01:50.000000000 +0000,1745175710,2025-05-05 06:08:36.249633875 +0000,1746425316,0b8889270696fa416f079a348fe853cd120ebc40d7a4ebc5e57af771e899853fe6ddf0c64e141e0568a6861ca6236b90174a8f97d3b2f35f34b931282a8d348c,db011753e7115e7583183a2f036141a2bcb9771292241bcbe43290f38081030a0cdaeb6b66429b66af052945650cb00a976101f942c5889fc53c084e3ff7215b
4c1f8c6f4a269946f85c493ecb572f21aedc410fd211ce53d6f656c1aeeac6d8fdc7ae9265b904abd9bfaf64322314f223bfed6548c1d32ace88b0fc2c100833,regular file,8,512,25,2025-05-05 06:08:36.249633875 +0000,1746425316,2025-05-06 20:42:11.205220742 +0000,1746564131,2025-04-20 18:54:39.000000000 +0000,1745175279,2025-05-05 06:08:36.249633875 +0000,1746425316,3b7b0e1b1790dc76e73a9f7be315bceceae7bf725243afd2e513f7ccb7466b1032660bbfda2c949d5a8e3163c9699ed3e5ee72c074be2981ffa04fedadcfcac0,7867b028cf33c7843dd0afe4128db7fdc6f162f8f79efe84606320576c46ee19bd6f1c0cb5f00521a3c2952716f8ca88c9aec0881ba23528507f1cccb13c74e0
cf83e1357eefb8bdf1542850d66d8007d620e4050b5715dc83f4a921d36ce9ce47d0d13c5d85f2b0ff8318d2877eec2f63b931bd47417a81a538327af927da3e,regular empty file,0,512,0,2025-05-05 06:08:36.249633875 +0000,1746425316,2025-05-06 20:42:11.222221824 +0000,1746564131,2025-04-20 18:53:51.000000000 +0000,1745175231,2025-05-05 06:08:36.249633875 +0000,1746425316,487629e5f82b228960ebb01401cdb33b44978ce969ceaf6474fda7627bba8d2c1bce914f4c6cd1c1a9ad56227603121a9c61f5a5a1ffd36f3d41a5c55d5891e3,a4ca1cbeb8377b310ed6fe589cc2e8a503d2a569fe561a105fbcd57693a3a140d2cb85c563ba12f71ce2406789e49ded5001f5677bc8d56e053648cc9bcc3d09
Not_Applicable_Or_Timeout,directory,8,512,4096,2025-05-05 06:08:36.249633875 +0000,1746425316,2025-05-05 06:09:13.409469372 +0000,1746425353,2025-05-05 06:08:36.249633875 +0000,1746425316,2025-05-05 06:08:36.249633875 +0000,1746425316,09cf2b24e8eddb0cbe282b1b7d9edfafc012580477d12a70edac7459a201b0f8bd79fc5f7a419d0452be8d6085de9c8dbe39375236a93636d9ac696341325fc5,afca1309c1abb0d6f3f12f1827729832e177a358e607c45689594e28fe6144f27f2548deb67f4257ce938d5c3cc003c99dc39150ecb479d0e641460066c07230
cf83e1357eefb8bdf1542850d66d8007d620e4050b5715dc83f4a921d36ce9ce47d0d13c5d85f2b0ff8318d2877eec2f63b931bd47417a81a538327af927da3e,regular empty file,0,512,0,2025-05-05 06:08:36.249633875 +0000,1746425316,2025-05-06 20:42:11.257224050 +0000,1746564131,2025-04-20 18:55:27.000000000 +0000,1745175327,2025-05-05 06:08:36.249633875 +0000,1746425316,ee0e643324dbb4eeb9e88d8e820eadaab4addeb4da57c0fe575aa4ba905f05f7db660ce55652203b57a7b8fadfdcd0932ab6687186954a8a08b7a3ec5f36db62,663156458567ace1b820d0772b17a158bb3979ef1919a72d64a41cb3d27292d8ace00b1b2f3a8ca1ae555df8ef77803bfa6a21d4e3db253ceb6714bea033a4fe
534eed0942b05d2e715ca0db3bb01ca1eee1eeb5fff7384986b0f71a87e78d6763c944e2ddf3b3f443d53d8c83ae0af5cc7f9dc243eef08e1ead4abfed3e5897,regular file,8,512,1739,2025-05-05 06:08:36.249633875 +0000,1746425316,2025-05-06 20:42:11.275225196 +0000,1746564131,2025-04-20 19:33:50.000000000 +0000,1745177630,2025-05-05 06:08:36.249633875 +0000,1746425316,c4def4dae2ab374977c4441199db90735441627b5953894964f90c21d63fb32d2e6950669a41575fdf8c160dbfc14fd56ec4d4c07911652eb26d4ce3648aeeea,b4a5c773dd29c5fb9e8805794a6328e86d8bcc14c266038f7f5fe82b2cae80d97b80a9ef6f2e234cfda5ee87b211b33a47a55caab02ae01e138087df23d04545
cf83e1357eefb8bdf1542850d66d8007d620e4050b5715dc83f4a921d36ce9ce47d0d13c5d85f2b0ff8318d2877eec2f63b931bd47417a81a538327af927da3e,regular empty file,0,512,0,2025-05-05 06:08:36.249633875 +0000,1746425316,2025-05-06 20:42:11.292226277 +0000,1746564131,2025-04-20 18:53:51.000000000 +0000,1745175231,2025-05-05 06:08:36.249633875 +0000,1746425316,0739665b3740e106b828bcb74f65a4524ed3d72deb6a6e51dc2284935f431a0467f7eea926b4fb5f7c1130fb3fecec9ba0d6180a2191369e9f4ed2c956ddbd6d,5a342745ab3ff9d9a30ae1bd2b215aacdb577bee484b1378a953dee94e61f2ca522a91cc25acb3dd93ce09c8a6174549004df692d31b492b7e03433e77a6b0f7
cf83e1357eefb8bdf1542850d66d8007d620e4050b5715dc83f4a921d36ce9ce47d0d13c5d85f2b0ff8318d2877eec2f63b931bd47417a81a538327af927da3e,regular empty file,0,512,0,2025-05-05 06:08:36.249633875 +0000,1746425316,2025-05-06 20:42:11.308227295 +0000,1746564131,2025-04-20 18:53:51.000000000 +0000,1745175231,2025-05-05 06:08:36.249633875 +0000,1746425316,7aa4dda81501e0b3aa956ea97e6239123b789a966d7fe09d1e3263f20166ff6c8af1c4d7ae7fa06767b9eccd1382502184e4a56adc85998fb30afb8e287de0aa,551fc9de98f53f2d9f9c52dab1103510e1a748ecafa950bbc0e583d60ac7b702ceea4febdb2f544699406390134daef4d757f6672ef9f130466320efb610744f
4c1f8c6f4a269946f85c493ecb572f21aedc410fd211ce53d6f656c1aeeac6d8fdc7ae9265b904abd9bfaf64322314f223bfed6548c1d32ace88b0fc2c100833,regular file,8,512,25,2025-05-05 06:08:36.249633875 +0000,1746425316,2025-05-06 20:42:11.326228440 +0000,1746564131,2025-04-20 18:54:39.000000000 +0000,1745175279,2025-05-05 06:08:36.249633875 +0000,1746425316,490544c5f7083903374b7c76124e560fcc9494301411517e63ac87a3101bf69547e7baa2f96fa622f4fbb49f024e33a2ae5272d15773cc80a26213d18a87e3da,7867b028cf33c7843dd0afe4128db7fdc6f162f8f79efe84606320576c46ee19bd6f1c0cb5f00521a3c2952716f8ca88c9aec0881ba23528507f1cccb13c74e0
d84b4b0249477cc79b591f9d274d8e9e85c15d60c595ccea0d5424c650aed7a3661708efb1617c74934495ee0c658b6070da727296786666f8e22a2f848081f8,regular file,8,512,1760,2025-05-05 06:08:36.249633875 +0000,1746425316,2025-05-06 20:42:11.345229649 +0000,1746564131,2025-04-20 19:33:48.000000000 +0000,1745177628,2025-05-05 06:08:36.249633875 +0000,1746425316,ec74cd0d85ccace0993c93aede256377f95d75306594e4a7f6b94256200910821721dac1b66e03212675767543ec2d32fa40c512cadac5e78c92331576a4a571,14cdf257219bda335c9dc970b82a850d6a2533e777aaac9ace83b321962669147015ebb958bc84f7a6cd424e8c043d42a59e99479541e0c8e40ec8db5f86aaed
ba0adc7bddeb1f89783f21527d2f6a0f280dccd384082b13af8aace5809db0caa4f91dfa7025d6f865e9f295d16b4d5f3dbe609c334d83ec8050caff41be6407,regular file,8,512,1932,2025-05-05 06:08:36.249633875 +0000,1746425316,2025-05-06 20:42:11.365230921 +0000,1746564131,2025-04-21 02:16:34.000000000 +0000,1745201794,2025-05-05 06:08:36.249633875 +0000,1746425316,cf838689157e6cf5a5a2873fd4ecc8b0adfa0de09b4f78892103a90295249b360121cde213ce9ce327881de34e305adf49e2c84068baa923f90f4c79d678f7f5,87ccdc3992ba033fb4d8dfda8377ad6d8bf1ab421591ad09554313256b08852ba00f8dcb256dd465305732728e3ef7281b802aca1a85275e8a924a49d99563bc
77d2f32e46f6e7226d28b97c2a844caff8f1b8bf7c5d981274fc51c6e3bdec06b95458b2fe1dbbb90f9b9539ed56373101a992fc89f0a9d7c421014f1336cf5c,regular file,512,512,262144,2025-05-05 06:08:36.249633875 +0000,1746425316,2025-05-06 20:42:11.383232067 +0000,1746564131,2025-04-22 19:22:50.000000000 +0000,1745349770,2025-05-05 06:08:36.250633815 +0000,1746425316,f07c30bf9b2c2f7c3fe90a288e7d813c62b07ba7c3903b294f2636f9307043c5bc1f56d8f9aa30026e305175f99766c4f29c04e7bb10588519c60c32d7434783,338181b239729ff5f9a82ba858c51595e554ec65e3feefcfbc340e50e8ed5ca670782aee99c5d6ca7ba6bfa19aae2ec4cb62c8b49e1e6577b51298c5494495ef
fa7a5109cd6d3471d8bff868fd6e1262d9f46a00766f9040499faccd8348943d1432695153955a8903f38c5221b252ab63e1867afb15c1bfa5d6ebd3730b8b21,regular file,8,512,387,2025-05-05 06:08:36.250633815 +0000,1746425316,2025-05-06 20:42:11.402233275 +0000,1746564131,2025-04-24 04:05:52.000000000 +0000,1745467552,2025-05-05 06:08:36.250633815 +0000,1746425316,2e4aec81e48dc7a8806f028843980f51a06f2af3cff103944f5a706a6789c2b0f9f07a9e67b1933380cbf6b93b3a38fab3d798b1861202eab7a37aef69aeccc1,0f7668ec5069d58b6cf5295449c7b77bf1b6124ef1bf50d905e6a9b4481635f2989c8a7300b15b982788ee3d33fcbcca3adf325d81f8c096e7a8665d44fcb16a
cf83e1357eefb8bdf1542850d66d8007d620e4050b5715dc83f4a921d36ce9ce47d0d13c5d85f2b0ff8318d2877eec2f63b931bd47417a81a538327af927da3e,regular empty file,0,512,0,2025-05-05 06:08:36.250633815 +0000,1746425316,2025-05-06 20:42:11.422234548 +0000,1746564131,2025-04-22 19:22:50.000000000 +0000,1745349770,2025-05-05 06:08:36.250633815 +0000,1746425316,69175a9cc1f63ff314097e6801b74f8a748bde690b182dbf8fcd2f592826b8360a61fbf525675eac0539c8552efc747de25429fa4562fb5feaca083f0f68ccea,3aea4ecc6179b7d647bb24129588625d3fab925bce2f7ef58db9d292e6aa1ecfa8f574bfc041146e52af9a42da5ab245cc39d8bfe80c96cca00909f4eb162052
c70859c2272e32d588bbca034a3ba748f01809af8b01629f490b77758f7c0f5a6a612b2580057dd191965f2209d9089d3d1087ef319002e55196ad3601144a43,regular file,40,512,18945,2025-05-05 06:08:36.250633815 +0000,1746425316,2025-05-06 20:42:11.441235757 +0000,1746564131,2025-04-24 04:01:47.000000000 +0000,1745467307,2025-05-05 06:08:36.250633815 +0000,1746425316,efe2ff97dafbe346c4471de640fb312d1bcba4a25a521484a571c09b7928a55c7195a9e2cdb9e38c95d3d0cdb41d2fa1a4f22a76d89cbeab78ca1ba9cf6e3252,8747b9a2efeabb12b41d439a2014bc2b02b7227c977cae36ed8597f91e20e98c2e6e3d47480203ac0f8c2f5da57cbb194664d4d51c417151990dc44aadda489c
